"","repeat_id","expt","analysis_type","true_base","b_base_lower","b_base_med","b_base_upper","b_base_error","true_sex","b_sex_p_value","b_sex_lower","b_sex_med","b_sex_upper","b_sex_error","true_cond","b_cond_p_value","b_cond_lower","b_cond_med","b_cond_upper","b_cond_error","true_sex_cond","b_sex_cond_p_value","b_sex_cond_lower","b_sex_cond_med","b_sex_cond_upper","b_sex_cond_error","pp_true","pb_true"
"1",1,1,"bglmm",0,0.455747205638388,0.528046464845546,0.601530671979914,0.0386525484588343,0,NA,-0.164765157432387,-0.0583498681336117,0.0552027500337564,0.0566009362610944,0,NA,-0.155040266350619,-0.0511338514843951,0.0546856111473263,0.0542562566908683,0,NA,-0.0412925245711363,0.110293452783866,0.252813500028266,0.0762653143103271,0,0
"2",1,2,"bglmm",0,0.41543053562478,0.47965030124903,0.550098808887618,0.036382764362955,0,NA,-0.104207103263504,8.42634033525833e-05,0.102454728892249,0.0525549296399091,0,NA,-0.0195824694778619,0.0737428899553012,0.173066566121754,0.0511557764060544,0,NA,-0.211870975667973,-0.0694703697884022,0.0690519649635126,0.0690566112657597,0,0
"3",1,3,"bglmm",0,0.369076645693074,0.446989907368075,0.522419656879754,0.0391234012459029,0,NA,-0.127558165123954,-0.01984910945697,0.0859829261439947,0.0555616117439147,0,NA,-0.082881938980118,0.0178879489374217,0.125557510303657,0.0526511810646797,0,NA,-0.0622949133665289,0.0794308077998146,0.221387718571803,0.0748131748224273,0,0
"4",1,4,"bglmm",0,0.454262172249776,0.529066696040498,0.600867342625601,0.036571399618724,0,NA,-0.123999991682407,-0.015854367469712,0.0817130568233334,0.0521336355211557,0,NA,-0.15515197526839,-0.0556405675643417,0.0400850868105588,0.0489268819387919,0,NA,-0.169063058601357,-0.0336378962132347,0.100228946620633,0.0701125406323794,0,0
"5",1,5,"bglmm",0,0.360331523898938,0.437876235053082,0.514550133123371,0.0382215139318437,0,NA,-0.0555236110427827,0.0498967262942795,0.161449862665355,0.0545626189965157,0,NA,-0.00618056441107102,0.102844861798763,0.206042558801744,0.0553708565652648,0,NA,-0.244992066254198,-0.0991072768072725,0.0596570861965084,0.0796958063229717,0,0
"6",1,6,"bglmm",0,0.417983021144595,0.482531312031158,0.541093826804877,0.0310566195995636,0,NA,-0.00911458887320428,0.0747764432733746,0.159725048883249,0.0431926185146604,0,NA,-0.0105312876624391,0.0725048318799152,0.155198740973802,0.0424731375998861,0,NA,-0.213033344863567,-0.0911154701886382,0.0317430821028265,0.0613656576055762,0,0
"7",1,7,"bglmm",0,0.396064628086412,0.462287193738485,0.51826903482272,0.0329411207757883,0,NA,-0.0518211087215246,0.0411236259237111,0.144897084667382,0.0516099998483169,0,NA,-0.0270170427660276,0.0615158879974743,0.160132042218672,0.0468719814493797,0,NA,-0.202319752525936,-0.0634860840260527,0.0515111503796942,0.0702481089667753,0,0
"8",1,8,"bglmm",0,0.441215080522949,0.501206133481335,0.56123654921139,0.0303995556582919,0,NA,-0.116093439059006,-0.0355501061965223,0.0497493206854066,0.0438889426920461,0,NA,-0.0260310225228798,0.0652825076397843,0.148513233371752,0.0439672297160084,0,NA,-0.14070184020433,-0.0153992045116535,0.10565714047061,0.0619559740477065,0,0
"9",1,9,"bglmm",0,0.416986432652255,0.491077452066184,0.55844013687182,0.0348051273681623,0,NA,-0.0973661396679602,-0.00575812010209507,0.106375759561873,0.0493319109495885,0,NA,-0.0590991493969601,0.0342499968278348,0.123724251263322,0.0476540311714247,0,NA,-0.128996645518548,0.011063284390356,0.142602977260798,0.0697696996400741,0,0
"10",1,10,"bglmm",0,0.447555709263601,0.511528508725096,0.573087419490079,0.0317431174969548,0,NA,-0.154939724970646,-0.0656273864750038,0.0214770071193735,0.0442568788357772,0,NA,-0.1552762643359,-0.0671709495973014,0.0190795021790647,0.0437076151782611,0,NA,0.0242353982651664,0.142612936344537,0.259945303084942,0.0601565840079269,0,0
"11",1,11,"bglmm",0,0.398067518197088,0.469727281419945,0.531839534369781,0.0329204530266434,0,NA,-0.0984503210101431,-0.0114627162459853,0.087944917375469,0.0463403025624081,0,NA,-0.0196704135794884,0.076269631612432,0.170034369456629,0.047189752662086,0,NA,-0.161816895033901,-0.0106106379248362,0.116367639121353,0.0678916959019639,0,0
"12",1,12,"bglmm",0,0.44201259587682,0.511851739080563,0.571582534142125,0.0348662334130426,0,NA,-0.117385482913436,-0.035163116045026,0.0640668103941841,0.0447812635988635,0,NA,-0.122817344085875,-0.0380244657088897,0.0461740151067477,0.0435474305168828,0,NA,-0.0172962870161578,0.104940367928619,0.219578102631894,0.0590275016869934,0,0
"13",1,13,"bglmm",0,0.43842640667456,0.498809173807939,0.55832320006969,0.0312329891098069,0,NA,-0.0474463416279616,0.0406988172231073,0.129761676082897,0.0446752542522352,0,NA,-0.0254152508677829,0.0616320884599731,0.146436563843241,0.0432430501250367,0,NA,-0.21838700097621,-0.0936174696124017,0.0292836084788638,0.0628948144001005,0,0
"14",1,14,"bglmm",0,0.391439299467581,0.460298910676575,0.523638520508264,0.0340391258935763,0,NA,-0.0439251005927558,0.0678795051237621,0.171631210983957,0.0552278002023796,0,NA,-0.11259000365639,-0.0174938536200755,0.0800891558072279,0.0519163537115517,0,NA,-0.0985027437863512,0.040134915526665,0.197720505983704,0.0756563471568815,0,0
"15",1,15,"bglmm",0,0.399645669752506,0.466241625925909,0.530231457702832,0.0331893591189279,0,NA,-0.0394259252275745,0.0508644974699175,0.145204564493382,0.0478068212541157,0,NA,-0.0297953465055766,0.0689478143073553,0.160962926745051,0.0491020507978922,0,NA,-0.232974473225956,-0.0964599414562746,0.0387813211633678,0.0684331013796595,0,0
"16",1,16,"bglmm",0,0.463238968634102,0.532068708898438,0.599682266672696,0.0349299370939328,0,NA,-0.152334331670104,-0.0608741282382779,0.0353550865398974,0.0481126860347026,0,NA,-0.149352895343263,-0.0535551758416997,0.046306239126247,0.0492598346011918,0,NA,-0.154910593487901,-0.0117187349822658,0.120326634996815,0.0688616891752662,0,0
"17",1,17,"bglmm",0,0.428542775214377,0.484204302925341,0.550262551894478,0.0325033365573213,0,NA,-0.0614598444703967,0.0244014246174627,0.101220332987152,0.0401546175695225,0,NA,-0.097107720884437,-0.00334423864036206,0.0710006554106489,0.045277449390428,0,NA,-0.0597397198083306,0.0569192229153958,0.177536674388325,0.058739197851912,0,0
"18",1,18,"bglmm",0,0.369069839149969,0.424985770763324,0.480524104117825,0.0299358251912592,0,NA,-0.0398939472400857,0.0361955054587354,0.126080744636293,0.040902571777353,0,NA,-0.0103362034943054,0.071559258146296,0.141722259369696,0.0388174630314244,0,NA,-0.139978864577901,-0.00553046396155591,0.091387660387999,0.0609761747972967,0,0
"19",1,19,"bglmm",0,0.459982549219462,0.54319459043076,0.616719203043654,0.0409258280802044,0,NA,-0.136883170869564,-0.0456523271966576,0.0556590298099601,0.0481497664064281,0,NA,-0.134740987713838,-0.0400548401630509,0.0607261830882364,0.0492310722687085,0,NA,-0.113852041741146,0.0173725015035238,0.158238611813353,0.0690033301998345,0,0
"20",1,20,"bglmm",0,0.396249990373035,0.457751789614548,0.525955907517303,0.0328977266251811,0,NA,-0.11181445585844,-0.0202875985902128,0.0649999222335128,0.0445074056783826,0,NA,-0.071564365759442,0.0243974163082547,0.113627971888831,0.0477545975899295,0,NA,-0.0739615198797511,0.0500880064055867,0.172926045214708,0.0636720172893588,0,0
"21",1,21,"bglmm",0,0.431832725774797,0.494286033902519,0.55478439289552,0.0315029685835777,0,NA,-0.0646883216200683,0.0155954138348057,0.0995893201197177,0.043743939013615,0,NA,-0.0119417419057901,0.075532305224885,0.161122628893854,0.0435753216435401,0,NA,-0.234645190092169,-0.114118052578244,0.00398285112537196,0.0618174819126169,0,0
"22",1,22,"bglmm",0,0.433321610065581,0.502064866019255,0.569566264798334,0.034619167510165,0,NA,-0.0821036912357351,0.0133852725867087,0.116518736834553,0.0497889043076317,0,NA,-0.120776872336779,-0.0223762598927534,0.0713605119447467,0.0492789640420231,0,NA,-0.123979331402946,0.00470642666390977,0.145144434924613,0.0688220083690271,0,0
"23",1,23,"bglmm",0,0.431892000942622,0.51276537553146,0.591940994331597,0.0417423816306861,0,NA,-0.0821910876246609,0.0241888836956687,0.135252303476918,0.0558966959959296,0,NA,-0.207557809289266,-0.0906846235690038,0.0236472464579627,0.0599377365899745,0,NA,-0.143721144610357,0.00234498559932762,0.159103612289781,0.0801457132256415,0,0
"24",1,24,"bglmm",0,0.405936093677622,0.47464874236375,0.545669581224552,0.0351721276344604,0,NA,-0.0564987380091425,0.0383549186109679,0.140654923521921,0.0490027397957189,0,NA,-0.0483083601399822,0.0494064259206457,0.140815097900394,0.0484155507614925,0,NA,-0.159172706050036,-0.0256841550217753,0.105918612236203,0.068457454639186,0,0
"25",1,25,"bglmm",0,0.435500866430919,0.492481476990551,0.547812605924135,0.0284664371979837,0,NA,-0.0857269346497654,-0.0101846178364956,0.0729116586429333,0.0401797627568536,0,NA,-0.0219226753730858,0.0551609495991801,0.137269679252045,0.0394653955068587,0,NA,-0.171443382044836,-0.0575926481798409,0.0505100010333963,0.0571336555742939,0,0
"26",1,26,"bglmm",0,0.470759575667013,0.532237925991643,0.595708443635194,0.0313815941849511,0,NA,-0.143090932504383,-0.0540756538537917,0.0325583483519974,0.0442193150232231,0,NA,-0.110259558991317,-0.0202953451107529,0.067678961762043,0.045518837928491,0,NA,-0.0668120258105126,0.059349424898178,0.183930722615224,0.0644547939436558,0,0
"27",1,27,"bglmm",0,0.377571090521086,0.449206976854416,0.517408931427385,0.0355846092015981,0,NA,0.0150418772430281,0.112663853298442,0.205376252867117,0.0478614951443965,0,NA,-0.0636360485887336,0.0336330076492283,0.13356085210308,0.050572527763864,0,NA,-0.234769783077934,-0.0955748014662054,0.0375531576625561,0.0679626236800936,0,0
"28",1,28,"bglmm",0,0.476872311926482,0.551935652671049,0.625627831796145,0.0370411992843508,0,NA,-0.0950895634414671,0.00980920312297279,0.117285164625973,0.0527980130060953,0,NA,-0.139728444903051,-0.0386095288717731,0.0650580821487875,0.051090587612941,0,NA,-0.201695118658698,-0.0539218910487668,0.0939390166667786,0.0741610943827391,0,0
"29",1,29,"bglmm",0,0.383869670238475,0.450964894284144,0.52241960947511,0.0353760822698604,0,NA,-0.0869485674303933,0.0160268615570049,0.105161550972968,0.0490108305222722,0,NA,-0.0630520091132992,0.0338085598273572,0.138374419450654,0.0498684058078893,0,NA,-0.159187626124454,-0.0201718137774166,0.125657525327018,0.0715448750080167,0,0
"30",1,30,"bglmm",0,0.439798482289945,0.507697639178386,0.578658284200297,0.0364599382844302,0,NA,-0.10360901067502,-0.015349834421487,0.0837397768343605,0.0468378191611777,0,NA,-0.0593154399644705,0.0379527188745533,0.130203951368846,0.0491722982450188,0,NA,-0.201688954112542,-0.0652229377031831,0.0809248825573853,0.0729927318613693,0,0
"31",1,31,"bglmm",0,0.455653357799283,0.516111488258711,0.581782104620485,0.0308579594253642,0,NA,-0.103153025968814,-0.00617034216159674,0.0785168801268033,0.0444812154624888,0,NA,-0.119830717169221,-0.0164079120576109,0.0711024276390319,0.0476356094540943,0,NA,-0.0459075221062591,0.0657821138676286,0.206892494767658,0.063505511743374,0,0
"32",1,32,"bglmm",0,0.425715436663371,0.490704347532074,0.551814046500578,0.0324641271822719,0,NA,-0.0378200005014165,0.0538801528681483,0.15532634413897,0.0474814563143454,0,NA,-0.0870190102135149,0.00421521595374502,0.0952317977786318,0.0456407003058228,0,NA,-0.0950440956954895,0.0362472895988701,0.172850797743517,0.0678403321099338,0,0
"33",1,33,"bglmm",0,0.459081072466622,0.524652524965935,0.592886110310013,0.0333302752657898,0,NA,-0.0878674862735098,0.000434395024298565,0.0968554390728457,0.0458743720825174,0,NA,-0.0260244635660863,0.0684787887776114,0.159449118011953,0.0472738397119239,0,NA,-0.202415821883356,-0.0836850065679217,0.0455644858341958,0.064266658935418,0,0
"34",1,34,"bglmm",0,0.416578504214344,0.489973213706604,0.562978031544506,0.036841439632884,0,NA,-0.158288140639187,-0.049888778222231,0.0551053120607924,0.0546675735845621,0,NA,-0.0990073293353898,0.00661903847612158,0.11103925544962,0.0546559243943906,0,NA,-0.0937865694080041,0.0559832947554375,0.206766235639121,0.0777544128540888,0,0
"35",1,35,"bglmm",0,0.416066713886755,0.491391959135241,0.565520155728432,0.0360029551637644,0,NA,-0.0690333989854455,0.0325536568983662,0.128095583437096,0.0500248801474422,0,NA,-0.0752028194596789,0.0231072305669955,0.123152053794503,0.0502474374617969,0,NA,-0.239488043607054,-0.0942204585038072,0.0594514511229489,0.0814980770091526,0,0
"36",1,36,"bglmm",0,0.43841689799454,0.509931457958692,0.553130984148112,0.0297277342857519,0,NA,-0.100111230132797,-0.0430465260067222,0.0509549951836087,0.0410153990608294,0,NA,-0.0593007533658672,0.0119117835992512,0.11287844860444,0.0394592512870453,0,NA,-0.0841984416379458,0.0446162932297514,0.134673702246773,0.0548154489533436,0,0
"37",1,37,"bglmm",0,0.432644394493705,0.488831690509359,0.551731253261988,0.0310621155826104,0,NA,-0.0289298839317339,0.0628064783735903,0.139304737568402,0.0423550433540783,0,NA,-0.0780086619259493,0.00913138901795476,0.0887937926675963,0.0430641748101749,0,NA,-0.181241656378265,-0.0717696745533866,0.0558409704047277,0.0610085980237444,0,0
"38",1,38,"bglmm",0,0.388887472039954,0.453670790446468,0.517418817927859,0.0331828007703032,0,NA,-0.0567302501588206,0.042622209513784,0.136134251911466,0.0485598341092813,0,NA,-0.0241192171872628,0.0675280932230153,0.160824846072459,0.0471944609686054,0,NA,-0.246002674850259,-0.107521765542506,0.0221172262394787,0.068043894251848,0,0
"39",1,39,"bglmm",0,0.414589961815885,0.482335008940662,0.548301060102888,0.034375287770991,0,NA,-0.102313201388296,0.000701096630850599,0.0932227721297601,0.049709987403248,0,NA,-0.0522316485682049,0.0425226523843868,0.144337746337953,0.0500268518597562,0,NA,-0.106993382524198,0.0294825019437277,0.174556636769551,0.0697266186517198,0,0
"40",1,40,"bglmm",0,0.419415635787472,0.487721064005147,0.552785305275378,0.034368019766735,0,NA,-0.122367238680156,-0.022194922199064,0.0752563843089869,0.0506955718391758,0,NA,-0.0934860083144023,0.00260444949005743,0.0974022436857075,0.0490776498513586,0,NA,-0.117268344954356,0.0160119307866956,0.150395771942585,0.0700775497823193,0,0
"41",1,41,"bglmm",0,0.406736244994785,0.472596717052157,0.541701260876986,0.0360483070477816,0,NA,-0.0878188189226538,0.0187452894504838,0.114321338899734,0.0511772588337954,0,NA,-0.103397025141164,-0.00587564968644266,0.0891002998530463,0.0489672377092275,0,NA,-0.0826399409824404,0.0461890535148267,0.199078051156872,0.0707227683179509,0,0
"42",1,42,"bglmm",0,0.397017061510773,0.463464615790314,0.5393321552789,0.0369683564511294,0,NA,-0.0138277210236518,0.0945555265985416,0.214047367597072,0.0584988468998348,0,NA,-0.0846643922412975,0.0119837855184372,0.110719017994286,0.0524861693505349,0,NA,-0.252326684956376,-0.107428003620424,0.0433644566974714,0.0748283222813809,0,0
"43",1,43,"bglmm",0,0.367485722828216,0.441731137511455,0.512241965462446,0.0374737849737619,0,NA,-0.0166966256986493,0.0827804433024854,0.187932542088396,0.0525662973863333,0,NA,-0.0895844931243218,0.013728169162258,0.119268622472213,0.0541133827379671,0,NA,-0.164805113060882,-0.00677876352074055,0.139267317766694,0.0761809488608842,0,0
"44",1,44,"bglmm",0,0.388998395595814,0.453712676947741,0.517244555029386,0.0325660954587256,0,NA,-0.0369280639029381,0.0514268073523096,0.142455401653194,0.0451432824318557,0,NA,-0.0213620019030675,0.0646113397107643,0.151181017368603,0.0451166299358336,0,NA,-0.198162243084828,-0.0767452104339573,0.0485535833881349,0.063761393352396,0,0
"45",1,45,"bglmm",0,0.422160049591345,0.491400187126447,0.556933567817012,0.0351512033449047,0,NA,-0.103414020122999,-0.0133456122479539,0.086439082215544,0.0496091188593123,0,NA,-0.0621244856659171,0.0371475860322684,0.131362677845218,0.0481140373682062,0,NA,-0.137044610936148,-0.00610492347952595,0.124714479915194,0.0670532331147226,0,0
"46",1,46,"bglmm",0,0.426767479183982,0.480074237299652,0.532613880689975,0.0270685338364702,0,NA,-0.0716828365335272,0.0051701415328227,0.0815027742310734,0.0387057162023649,0,NA,-0.104722916004209,-0.025712998325313,0.0449177765176868,0.0385786191858517,0,NA,-0.0899541612529328,0.0121372395662486,0.122884606683081,0.0531907026451213,0,0
"47",1,47,"bglmm",0,0.468735232461478,0.522521902056586,0.574953878303291,0.0275271413865631,0,NA,-0.113763963867562,-0.0369314617289986,0.0340448318152196,0.0352551200622318,0,NA,-0.167268041884491,-0.0915245503453641,-0.0065040517329458,0.0389655305267668,0,NA,-0.0255253797980392,0.0756433725615882,0.180401396133017,0.050955386582485,0,0
"48",1,48,"bglmm",0,0.48319084358729,0.557774146622444,0.63280370066004,0.0372815271875217,0,NA,-0.202334013762951,-0.0986221778781134,0.00326763259652773,0.0530032126099056,0,NA,-0.171848999251928,-0.0651639929329944,0.0282629278121153,0.0549884567852503,0,NA,0.0338325959691322,0.170052238244597,0.340429160075296,0.080813973525642,0,0
"49",1,49,"bglmm",0,0.441989439033177,0.500586200919239,0.556729726655017,0.0293159574381244,0,NA,-0.093664659195099,-0.0143197191319666,0.0702506329264787,0.0414901850312392,0,NA,-0.0391891963627382,0.0445026799047675,0.123179831118476,0.0437310943580348,0,NA,-0.114355290985481,0.00439599554544348,0.123076868097709,0.0614100764935428,0,0
"50",1,50,"bglmm",0,0.439119060621448,0.49971394565315,0.561522915032995,0.0312292033840643,0,NA,-0.0771793427747493,0.0125669628977768,0.0983258012178088,0.0450786898610929,0,NA,-0.0993699648163167,-0.0161910454453483,0.0610201566784623,0.0408690041849782,0,NA,-0.0534224750320785,0.0606923899371486,0.180727423036704,0.0584609093883262,0,0
"51",1,51,"bglmm",0,0.456039432874113,0.530291286455406,0.618090342478389,0.039802704910269,0,NA,-0.0944895408776058,0.000352759263663284,0.122523407510268,0.0527793688359766,0,NA,-0.174895297943467,-0.0746886246719128,0.039117383377847,0.0540124141907639,0,NA,-0.101008833846257,0.0565657043551256,0.21900580898137,0.0758421064495055,0,0
"52",1,52,"bglmm",0,0.457507611921992,0.529162671294948,0.602305779314195,0.0371907017527507,0,NA,-0.0765411864076314,0.0235655468210333,0.122744489593127,0.0511664345512225,0,NA,-0.13329493887955,-0.0344439223006977,0.0668137778311405,0.0520159605628047,0,NA,-0.113484888798557,0.0259720556035945,0.164918577708368,0.0721714113815566,0,0
"53",1,53,"bglmm",0,0.41260154453252,0.490382933634898,0.563343826683866,0.0382694246310559,0,NA,-0.103853429675122,-0.00763024510402459,0.100114291206578,0.0540998372917425,0,NA,-0.108377511233669,-0.0036827847749716,0.104537783701816,0.0527674103500387,0,NA,-0.174340979790637,-0.032621712286205,0.108039402700285,0.0725056988594342,0,0
"54",1,54,"bglmm",0,0.442704617106809,0.519282740802771,0.599823716317527,0.0406177354002121,0,NA,-0.242056095843886,-0.129314859695293,-0.0343872328007467,0.0524858506497552,0,NA,-0.124931338255122,-0.0138166339388256,0.0798593524616276,0.0542302046892596,0,NA,-0.020656241893696,0.117213861633659,0.259876329073307,0.0715288098694078,0,0
"55",1,55,"bglmm",0,0.37522380600586,0.457821097504523,0.531665983641918,0.0398679620752014,0,NA,-0.0921319019720876,0.0159851783916489,0.129137131341641,0.0557694253833215,0,NA,-0.0743227391333841,0.034943810077289,0.146998017504703,0.0564612598829281,0,NA,-0.152958930880904,0.00637193416215987,0.165743003257996,0.0798922709047226,0,0
"56",1,56,"bglmm",0,0.438902650941581,0.505644872177734,0.572984121219222,0.0339593791469265,0,NA,-0.117660058445644,-0.030864971349712,0.057755418756167,0.0460740080935756,0,NA,-0.127887659622793,-0.0287369256103409,0.0620596684322703,0.0476936793751896,0,NA,-0.124434537175144,0.0135636714638129,0.139178963898318,0.0683045877747348,0,0
"57",1,57,"bglmm",0,0.442237613366633,0.515142879276357,0.588540751301545,0.0354543329666932,0,NA,-0.103085050982905,-0.00473689515778588,0.0958704090366136,0.0502083688127131,0,NA,-0.11535734844629,-0.0164883129693858,0.0786971758061027,0.0493130132171961,0,NA,-0.144105711466628,-0.00303079351807463,0.137866797880113,0.0707666562874739,0,0
"58",1,58,"bglmm",0,0.425295249408959,0.494033902602218,0.560600425376998,0.0347850816523408,0,NA,-0.10064068145052,-0.00690345177090054,0.0878179591720063,0.0480664282474319,0,NA,-0.149582236183941,-0.0547111759171202,0.0381305277958529,0.0479442544720396,0,NA,-0.0459952772187672,0.0914228541173439,0.233152555096156,0.0701927975424275,0,0
"59",1,59,"bglmm",0,0.49456256264869,0.551114877738781,0.608331988484722,0.0280987565094887,0,NA,-0.161125797459244,-0.085063233848258,-0.00161100388997266,0.0393702481298307,0,NA,-0.143812418940394,-0.0672359951013402,0.00989558294082937,0.0395277931743001,0,NA,-0.059365939229865,0.0520828750514408,0.16059700482229,0.0586803952640049,0,0
"60",1,60,"bglmm",0,0.371929453975547,0.442488385589912,0.514007617392263,0.0353433296709007,0,NA,-0.0350570541905856,0.0532287074376576,0.150746801708993,0.0493122278968227,0,NA,-0.0358093970357574,0.0585256702238578,0.167170134124816,0.0526883515869992,0,NA,-0.14898495222151,-0.00542731819688921,0.112818440922873,0.0668233742683912,0,0
"61",1,1,"bskep",0,0.442302995748677,0.510086811930535,0.577452636015405,0.0344644999628739,0,NA,-0.109979426819499,-0.0223381077397445,0.0607135059644748,0.0428659614813427,0,NA,-0.110544733081788,-0.0220159636632849,0.0637764729389875,0.0444318097182082,0,NA,-0.0593548216166984,0.0534622195844933,0.16389668434906,0.0558462705800147,0,0
"62",1,2,"bskep",0,0.431269496498521,0.495116722628459,0.558193315120433,0.0320877862124425,0,NA,-0.100381282200933,-0.0191994281424523,0.0622466889862845,0.0404475939391796,0,NA,-0.03056778458637,0.0506904183823518,0.126019772555702,0.0404692508614799,0,NA,-0.141639320038092,-0.03599216955569,0.065634865673502,0.0519900910471778,0,0
"63",1,3,"bskep",0,0.381863386710087,0.447842255984039,0.512571938624038,0.0329123572217195,0,NA,-0.0944454242461993,-0.00848444411916981,0.0823523910840277,0.0453346995608839,0,NA,-0.0660977373059616,0.0239932066337802,0.109829152679622,0.0442494517860982,0,NA,-0.0564103685267433,0.0540292340703149,0.168904911984946,0.0574951055671094,0,0
"64",1,4,"bskep",0,0.464598928014101,0.524769717112265,0.589552637229021,0.0325964168494957,0,NA,-0.100852082926819,-0.0136461197006336,0.0730959793675006,0.0439586895079731,0,NA,-0.133177370163791,-0.0487414579519969,0.0352638373819026,0.0431138176783878,0,NA,-0.151250042302784,-0.035622743370155,0.0787312526009307,0.059670068640481,0,0
"65",1,5,"bskep",0,0.391960997301436,0.46125829003156,0.53113023791328,0.0352188591567441,0,NA,-0.0747541437833894,0.0195152542662808,0.114155240436304,0.0473010716894272,0,NA,-0.029252791482879,0.0577669708435372,0.147576308954353,0.0458574172267964,0,NA,-0.156020549345685,-0.0385024603213642,0.0767138237864961,0.0591938032704755,0,0
"66",1,6,"bskep",0,0.444193390993015,0.500654673454973,0.557566884720994,0.0289393272376133,0,NA,-0.0299707066460711,0.0452568578109681,0.120064256659148,0.0386439404622596,0,NA,-0.0295575012048397,0.04544550402046,0.119198063957915,0.0376421439246862,0,NA,-0.142012505189087,-0.0468160822162431,0.0471823073808515,0.0484924413556976,0,0
"67",1,7,"bskep",0,0.409080413027989,0.472621165397461,0.535723806569651,0.0319233208918,0,NA,-0.0598211596631982,0.0248925407541133,0.103967268131214,0.0415491936713153,0,NA,-0.0460340812952254,0.0398286022436306,0.119515699505591,0.0416265130301762,0,NA,-0.137055327113432,-0.0355487291168647,0.0791594110583941,0.0548137716306951,0,0
"68",1,8,"bskep",0,0.446823265834843,0.50305347775081,0.5616040152503,0.0285780431002871,0,NA,-0.111178956939563,-0.0337009524095565,0.0400994794507242,0.0381292696054898,0,NA,-0.0120785587150261,0.058196196741021,0.130741094587411,0.0367074557708959,0,NA,-0.106745881700907,-0.0104262804360581,0.0839757450906399,0.0487678273500732,0,0
"69",1,9,"bskep",0,0.431801515590239,0.494047063929175,0.553568763104525,0.0310056080397322,0,NA,-0.089605765387275,-0.00545418579841764,0.0698831729634444,0.040482936548164,0,NA,-0.0526427515068814,0.0286364424068687,0.109921413768706,0.0412501328891155,0,NA,-0.0941456486274266,0.011916020746879,0.116387189911304,0.0534332771769723,0,0
"70",1,10,"bskep",0,0.433320194705053,0.492771469931713,0.547808293625137,0.0287347042294812,0,NA,-0.108918158156504,-0.0321813869764338,0.0457923803592858,0.0388394688716336,0,NA,-0.11559512877758,-0.0336461576237603,0.0470822938711496,0.04027124640019,0,NA,-0.0183240168944691,0.0850153768564843,0.193732828602405,0.0534892893442047,0,0
"71",1,11,"bskep",0,0.411682296260255,0.477329441292783,0.541912287901789,0.0333522306958122,0,NA,-0.121284189634986,-0.0174380330355519,0.0683392145555655,0.0458697745217347,0,NA,-0.0269906844328935,0.0590052942423682,0.13604941274486,0.0421015781871203,0,NA,-0.118913398134811,-0.00546676462213409,0.107207525964242,0.0575761907705627,0,0
"72",1,12,"bskep",0,0.429917478916157,0.491182024343284,0.550360988752671,0.0307058255476941,0,NA,-0.0838296361244306,-0.00799998043055137,0.0703764501112468,0.040461558520675,0,NA,-0.0956318897299718,-0.0176893037526843,0.0672018514175476,0.0417878410328851,0,NA,-0.0373501447260482,0.0679160440435891,0.172800089100619,0.0540169732282182,0,0
"73",1,13,"bskep",0,0.454296158250657,0.511000097533076,0.567633787676472,0.0287384059327915,0,NA,-0.0557211690446907,0.0187145881310204,0.094536380331974,0.0384224021067905,0,NA,-0.0355662929805004,0.038702859801018,0.112616750909837,0.0381320862748732,0,NA,-0.151279658829678,-0.0548544007983591,0.0414596096931952,0.0495350832963921,0,0
"74",1,14,"bskep",0,0.397770102926643,0.461483274668815,0.524144421253835,0.0315324231155898,0,NA,-0.0129059170708567,0.0669760640764463,0.147118941631092,0.0414209833655694,0,NA,-0.0906750378105933,-0.00740636577708241,0.0743945307454739,0.0423337742039533,0,NA,-0.0760005524096719,0.0290043303699799,0.137105051094322,0.0555755587628298,0,0
"75",1,15,"bskep",0,0.421163140049447,0.481413289017058,0.540260629592157,0.0315835478288448,0,NA,-0.0561593304293423,0.0246779844498657,0.104998207166369,0.0409259337919561,0,NA,-0.0419727260557759,0.0406909377820501,0.118509927115629,0.0419688965768488,0,NA,-0.149457237537422,-0.0473274970384102,0.0618629787857698,0.0533046470353431,0,0
"76",1,16,"bskep",0,0.463129187031416,0.524449858037458,0.588414685559291,0.0314277098138937,0,NA,-0.128815701101418,-0.0483606433965215,0.0312783003023725,0.0413221794254616,0,NA,-0.131748527472033,-0.0469138339965672,0.0350529211201938,0.0417798440321832,0,NA,-0.126975676965886,-0.0186814301181407,0.0879640359031952,0.0557861878608132,0,0
"77",1,17,"bskep",0,0.433478378091877,0.489773797113352,0.546506535822645,0.0287207147333198,0,NA,-0.0549244195111675,0.0250929376504275,0.0983750381819588,0.0377597982822454,0,NA,-0.0808880400682685,-0.00717864393723208,0.0640030084244193,0.0382120837018228,0,NA,-0.0532244646061827,0.0438887581792662,0.147092614321675,0.050926520252587,0,0
"78",1,18,"bskep",0,0.376481821893863,0.432026460377852,0.487306571809378,0.0281137968980513,0,NA,-0.0416128896216463,0.0301299448500774,0.102017671586623,0.037131461227464,0,NA,-0.0214360040902582,0.0535289029507435,0.127208735252059,0.0370902636498444,0,NA,-0.0964608801403544,-0.00348275223956648,0.104169182184357,0.0501922495583949,0,0
"79",1,19,"bskep",0,0.462689344866701,0.525056587677459,0.588160574258318,0.0319886940370698,0,NA,-0.11669354734069,-0.0281494914628693,0.0609412743731511,0.0466852525617948,0,NA,-0.104706541103684,-0.0253463776403129,0.0567550141798216,0.0414335753322737,0,NA,-0.102249997992541,0.00298420551865376,0.125131428650163,0.0558806691991817,0,0
"80",1,20,"bskep",0,0.396805917695152,0.460600067736031,0.522927273314237,0.0320474925988869,0,NA,-0.0973360944417783,-0.0154148740908893,0.0653301692558,0.0410801692960363,0,NA,-0.0580886570023871,0.0222457603183925,0.104293404187602,0.0412184871218872,0,NA,-0.0615497842038347,0.0401062703620172,0.140397581623288,0.0526192043708509,0,0
"81",1,21,"bskep",0,0.45718100323885,0.508737955089668,0.564215960129805,0.0281983101156377,0,NA,-0.0798880963220644,-0.00670183154518764,0.0650506550406996,0.0372439629377403,0,NA,-0.0239275858451405,0.0475588185016192,0.12017878455083,0.0380997520889916,0,NA,-0.167172264078686,-0.070302789803579,0.0258708105113796,0.0494388225120494,0,0
"82",1,22,"bskep",0,0.437116488821094,0.501640894956511,0.566520132809467,0.0326584436864202,0,NA,-0.0705104604839413,0.0120728667672145,0.0990039874469834,0.0431768523091203,0,NA,-0.10397469102127,-0.0194665124229147,0.0619999076274977,0.0435991169988521,0,NA,-0.106440015993767,0.00331865842566632,0.113264392524999,0.0563499505762853,0,0
"83",1,23,"bskep",0,0.439072483935752,0.508892289257017,0.583173647386632,0.037093894976194,0,NA,-0.0673522860732348,0.0269764255238466,0.118132940959494,0.0472514513619858,0,NA,-0.167151769602465,-0.0761774090053826,0.0159536059718301,0.0471703763897957,0,NA,-0.119916328068979,-0.00661592208378271,0.10592591605224,0.0601403806274226,0,0
"84",1,24,"bskep",0,0.421939475440275,0.484028368273724,0.545586445478717,0.0314845842887241,0,NA,-0.0587371746938525,0.0255644492908366,0.105560593367147,0.0414284941812013,0,NA,-0.0459708545712337,0.0324810225595751,0.107915355573405,0.0389901261254003,0,NA,-0.110990977587426,-0.00553409291269943,0.0934339656502332,0.0540949657491853,0,0
"85",1,25,"bskep",0,0.446249940186783,0.498969915331279,0.55171498230777,0.0267234316546516,0,NA,-0.0845918674861134,-0.0189111277014042,0.050442347562141,0.0357419130878949,0,NA,-0.0296279963024747,0.0415295403293307,0.109744427292779,0.0354673109365115,0,NA,-0.130558264565841,-0.036951567666681,0.0563804397118737,0.0482189273702623,0,0
"86",1,26,"bskep",0,0.466284228504405,0.523410202628359,0.581011562872831,0.0297707002071408,0,NA,-0.11222450502798,-0.0366348442787829,0.0454900658137869,0.0396059609953354,0,NA,-0.0834753343398933,-0.00705083978266553,0.0710691509464139,0.0395020057888186,0,NA,-0.0738377851975048,0.0341551734229,0.133603929852332,0.05233066199021,0,0
"87",1,27,"bskep",0,0.407707590328663,0.466491663109179,0.529132438214179,0.0311626374988221,0,NA,-0.00313910602439181,0.080032100091743,0.157996436270546,0.0414991315467017,0,NA,-0.076089566389785,0.00931675013054037,0.089773227165983,0.0434004018695854,0,NA,-0.152299898855474,-0.0469250905056483,0.0618947138504363,0.0545321759698414,0,0
"88",1,28,"bskep",0,0.486943144802183,0.550340433544902,0.615885066057727,0.0333893679062015,0,NA,-0.0901833627953693,0.00285875578953644,0.081311385517457,0.0444679199798478,0,NA,-0.12020906855021,-0.0366850958327551,0.0526643356033477,0.0429323914000212,0,NA,-0.144686696265626,-0.0409984891850435,0.0752278045650909,0.0572307550305937,0,0
"89",1,29,"bskep",0,0.39762362398592,0.458855550537104,0.517615584304402,0.0295624155030083,0,NA,-0.0797927846825139,0.00438553921421055,0.0916032768328113,0.0429314552392636,0,NA,-0.0572087518754609,0.0235509715524003,0.104499810147124,0.0403209318435024,0,NA,-0.10771116473929,0.00105093043609937,0.117306539104053,0.0586874499287497,0,0
"90",1,30,"bskep",0,0.450904945651729,0.51072500748177,0.574475445138245,0.0315221146394706,0,NA,-0.102109749016505,-0.0192530486427943,0.0624615291671395,0.0429986796317249,0,NA,-0.0563403284604008,0.0263021858127105,0.104389087423519,0.0419147060688965,0,NA,-0.157123244559431,-0.0517939585435491,0.0573368017472525,0.0550228411445225,0,0
"91",1,31,"bskep",0,0.449790832373674,0.509596515412155,0.571332392852243,0.0310839987941626,0,NA,-0.08319244050754,-0.00027072566314023,0.0798818045480993,0.0427019929800156,0,NA,-0.0902647749103302,-0.00298993957100531,0.0982529307597028,0.0464064040244012,0,NA,-0.083021902025739,0.0471834631518997,0.155896742095486,0.0590407116684291,0,0
"92",1,32,"bskep",0,0.429827604888311,0.492614407461783,0.553077051013935,0.0310711776949787,0,NA,-0.0326975151338967,0.0486905887422947,0.129870246157603,0.041441463237974,0,NA,-0.082174944690649,0.00291569815609859,0.0848538180702735,0.0418711713576401,0,NA,-0.068529453714592,0.0380998280476784,0.14881109403515,0.0555939295633217,0,0
"93",1,33,"bskep",0,0.4743335135745,0.532772900591424,0.591274803824549,0.0300670364814069,0,NA,-0.0930922021763197,-0.0146078700436984,0.0644188722937144,0.0400332254687166,0,NA,-0.0313940942479108,0.0471768181402525,0.119834058710107,0.0379511643894962,0,NA,-0.147997436778795,-0.0488219341469726,0.0507020508387833,0.0506364835371509,0,0
"94",1,34,"bskep",0,0.41268366602565,0.48312085148465,0.552670051234792,0.0359550706387423,0,NA,-0.127967107333026,-0.0331777099020333,0.0541135633542903,0.0455641660888893,0,NA,-0.0734489108327885,0.0184698604262928,0.105660226918354,0.0450546447941031,0,NA,-0.0910557201044006,0.0281833657164667,0.144658994575886,0.0594685968466144,0,0
"95",1,35,"bskep",0,0.438602695628642,0.500428247376429,0.564848783127005,0.0322356006131248,0,NA,-0.0750381174133816,0.0118244059076728,0.095646362057175,0.043675793106681,0,NA,-0.0838597616010255,0.00310641617939016,0.0879436931812236,0.0444817578314847,0,NA,-0.151571036096042,-0.045395601227162,0.0632290723372259,0.0544002261665998,0,0
"96",1,36,"bskep",0,0.435169758442131,0.497931011879682,0.557807241593342,0.0312071703575322,0,NA,-0.0973958724354943,-0.0194627163166187,0.0631430296887993,0.040310086637119,0,NA,-0.0567576936082957,0.0225558647612504,0.102010806601571,0.0397701599837753,0,NA,-0.08351097447931,0.0193650981375243,0.119339504946558,0.0514596997917851,0,0
"97",1,37,"bskep",0,0.438442471534294,0.496954432160729,0.555976217715001,0.0286772944754785,0,NA,-0.0233835833507944,0.0470006428121998,0.117691012210573,0.0363746819379654,0,NA,-0.0794622614090045,-0.00402550224704756,0.0726532704354559,0.0388103587821036,0,NA,-0.141800794328151,-0.0461806888964469,0.0521687233564095,0.0504063692968506,0,0
"98",1,38,"bskep",0,0.409919481358722,0.469880055525956,0.533472615523023,0.0306086702269816,0,NA,-0.0626407873827712,0.0146819269461617,0.0946550867482979,0.0412106104255809,0,NA,-0.0449188470060654,0.0392299520765564,0.119791736679691,0.0418511406004484,0,NA,-0.166489072488499,-0.0607961411231185,0.0460769582053781,0.0550112223653989,0,0
"99",1,39,"bskep",0,0.423106400874414,0.485018603819921,0.54518914265496,0.0315801026335923,0,NA,-0.0801361863787143,-0.00034285264482075,0.0856181232238451,0.0416046015617304,0,NA,-0.0468584724346583,0.0372706281205472,0.116605944419132,0.0413708950139646,0,NA,-0.0784033494328492,0.0285436633401535,0.132705777296709,0.054038893501268,0,0
"100",1,40,"bskep",0,0.425382345163551,0.486274374081699,0.547244703555939,0.0310601860711682,0,NA,-0.100708573577128,-0.015824353099244,0.0653713014910262,0.0425238194580687,0,NA,-0.0759856984947182,0.00559491464868541,0.084798313875336,0.0416685455914324,0,NA,-0.0929780439922371,0.0118177129849392,0.117659276797899,0.0546349569579301,0,0
"101",1,41,"bskep",0,0.405309676328366,0.471022621351307,0.534886806895521,0.0325131365467117,0,NA,-0.0560664007842007,0.026267401467822,0.114137738186504,0.0427483031881433,0,NA,-0.0795081159896007,-0.000588755815932292,0.0799026464154191,0.0404333832775336,0,NA,-0.0779556590697433,0.0313464116145568,0.13394684523875,0.0540967629572465,0,0
"102",1,42,"bskep",0,0.407592249601524,0.477442163712071,0.548200395458145,0.0348905671301939,0,NA,-0.0408523787476724,0.0509617342185055,0.137424786991394,0.0450178685928745,0,NA,-0.0958100036292053,-0.0040132573090827,0.0817908979043004,0.0454738733610514,0,NA,-0.163165722761395,-0.0520973737837834,0.062976327153322,0.0578805002560693,0,0
"103",1,43,"bskep",0,0.390426538604007,0.450557682918747,0.513076541043484,0.0317472175512361,0,NA,-0.0129432820045769,0.0663567351748409,0.149975337491559,0.0413776296969785,0,NA,-0.0736559945416106,0.00901812187910556,0.0902501205666652,0.0418818126947597,0,NA,-0.0963113991004027,0.00598800683396604,0.109583847815281,0.0537688759179706,0,0
"104",1,44,"bskep",0,0.408515744667284,0.465099794780787,0.520784893342184,0.0286628500798126,0,NA,-0.0453072380660805,0.0331726818658998,0.110457580039845,0.0404630761003621,0,NA,-0.029090308788633,0.046252690904809,0.120323824936036,0.0382220094755817,0,NA,-0.149099049039807,-0.0459344488263387,0.0537464900325684,0.0527535334339409,0,0
"105",1,45,"bskep",0,0.426632046100965,0.493692425557887,0.556218350858163,0.0326215042382505,0,NA,-0.0916787363395178,-0.0109530761889542,0.0689613257710366,0.0410718680241836,0,NA,-0.0535911620738798,0.030157947935727,0.113193789999644,0.0427379766265807,0,NA,-0.108972268476918,-0.00245044712294543,0.100490907606485,0.0551968254866548,0,0
"106",1,46,"bskep",0,0.42985438299048,0.480886107030139,0.530046109290516,0.0259568737665013,0,NA,-0.0616199691894701,0.00372217905095987,0.0724637841117835,0.0351285835179771,0,NA,-0.0919414795125248,-0.0237073599999374,0.0449154887964471,0.0347866947053499,0,NA,-0.0831608505608975,0.0113973496791623,0.107683225877061,0.048428432312714,0,0
"107",1,47,"bskep",0,0.453605284251707,0.507162728377406,0.565590998579075,0.0291334416481454,0,NA,-0.0911911224046621,-0.0189771342833186,0.0575558807702782,0.0380002203620684,0,NA,-0.141630002960556,-0.0655876065428102,0.00514635887352089,0.0384920632317839,0,NA,-0.0593593218844007,0.0417061154618969,0.134196643381209,0.0496469712312861,0,0
"108",1,48,"bskep",0,0.469543693252298,0.539859969124264,0.597510445001292,0.0333836499431842,0,NA,-0.155055982620715,-0.0678752360342692,0.0246248183829812,0.0473726138140514,0,NA,-0.114321148047401,-0.0332141114160574,0.0621100775516396,0.046132019542867,0,NA,-0.0194660329163797,0.117558346541948,0.263345488825389,0.0765525024327184,0,0
"109",1,49,"bskep",0,0.449352726268732,0.502006677211886,0.554991396449543,0.0278226190609129,0,NA,-0.0906730521601572,-0.0162570363865715,0.0582667482155131,0.0378812671925449,0,NA,-0.038153710141252,0.0369962556826576,0.111250843833769,0.0383089317721901,0,NA,-0.091583286193563,0.00984416658039864,0.109305220305745,0.0515053811219359,0,0
"110",1,50,"bskep",0,0.442991995419122,0.497819606718399,0.554713084162487,0.028144993530004,0,NA,-0.0580582768097118,0.0158888535806856,0.0900683411199266,0.037807865466345,0,NA,-0.0818287262569985,-0.00668960693242155,0.0653666060155971,0.0386950677384372,0,NA,-0.0570382029251184,0.0431872352898729,0.142372728575469,0.0514732042223892,0,0
"111",1,51,"bskep",0,0.455607714497014,0.517715092036445,0.578149925496261,0.031661828540249,0,NA,-0.0675855880906229,0.0123289515084139,0.0876740849154944,0.0400083585170088,0,NA,-0.135990584653272,-0.0537053614160772,0.0300160483696566,0.0420472387406058,0,NA,-0.0731759084539172,0.0331956739081994,0.134826483980605,0.0527689464922879,0,0
"112",1,52,"bskep",0,0.461160271847623,0.52808359015124,0.595902322154646,0.0342806261620128,0,NA,-0.0564284686253488,0.0223674293947165,0.103826291057224,0.0414836606270028,0,NA,-0.109653525347237,-0.0267903898232942,0.0599721266980983,0.0434806692520364,0,NA,-0.0890673502380769,0.0167180189217162,0.127447550121889,0.0548957757190641,0,0
"113",1,53,"bskep",0,0.423682120007717,0.493617074437297,0.563482725001797,0.0350312369895203,0,NA,-0.0939987257949624,-0.00662879851730115,0.0827271330727017,0.0453179338165751,0,NA,-0.0991608281746356,-0.00832323451871053,0.0853236910730084,0.0465985631851408,0,NA,-0.140361785967926,-0.0225845334039313,0.100380954284095,0.0601893037774136,0,0
"114",1,54,"bskep",0,0.443274116879892,0.505718877564336,0.569336183121975,0.0323879376129929,0,NA,-0.172334859484095,-0.0913974152040576,-0.00464546515065664,0.0432255474523213,0,NA,-0.0763598992463049,0.00979438348465139,0.0970675626068747,0.0425898496474089,0,NA,-0.0502052296195138,0.0588392813593455,0.174499758945392,0.0561669819848004,0,0
"115",1,55,"bskep",0,0.398824497290627,0.466778253017444,0.542650914614609,0.0364331805431123,0,NA,-0.0799639058432616,0.0093501316223961,0.100663704810892,0.0453199638384249,0,NA,-0.0638694900172086,0.0243065565381069,0.108500441279879,0.0441259424304052,0,NA,-0.10456951926416,0.0126790987792866,0.129391277709385,0.0582366804809043,0,0
"116",1,56,"bskep",0,0.434952279329395,0.494387581976481,0.553355675231986,0.0317480904234021,0,NA,-0.0947304672810675,-0.0202323854094473,0.0543144310251277,0.0375948095092358,0,NA,-0.0935746999798626,-0.0145680305079558,0.0568045971724293,0.0390495729050604,0,NA,-0.102611930482871,0.000915532841112381,0.097999543950514,0.0502195562710651,0,0
"117",1,57,"bskep",0,0.448124106849196,0.511199270308277,0.571797694296704,0.0325308815751065,0,NA,-0.0838128538960088,-0.00410263572216534,0.0770319079993176,0.0415337137829323,0,NA,-0.0945397475207918,-0.0125589128108373,0.0697482916507864,0.0420391367248625,0,NA,-0.11575883036657,-0.00786845113068926,0.101151613822553,0.0561788525015096,0,0
"118",1,58,"bskep",0,0.41851948024411,0.48314124387596,0.546644841881939,0.0329426645952796,0,NA,-0.0708561512394418,0.00955274326453838,0.0901889982443372,0.0416167263281756,0,NA,-0.112025662136867,-0.0311715594978066,0.0563086031648794,0.0430445889274112,0,NA,-0.0538976712944766,0.0555286563021606,0.156673960999942,0.0532536379826719,0,0
"119",1,59,"bskep",0,0.483011409794751,0.538630211277389,0.590431344934442,0.0277922871326678,0,NA,-0.130897109592725,-0.0588351478080969,0.0110179219783815,0.0365424765523282,0,NA,-0.116655327105276,-0.0456673198886932,0.0247219885929677,0.0370172946648769,0,NA,-0.0781019277134875,0.0197147949761102,0.117847543560788,0.0493736720942117,0,0
"120",1,60,"bskep",0,0.389799873010394,0.449962561343794,0.508917558417487,0.0308707230671225,0,NA,-0.0398313076006137,0.0439920340292801,0.121915033033195,0.0418845828053441,0,NA,-0.0326137835125291,0.0484585741646343,0.129765545149377,0.0415653275171252,0,NA,-0.0997590867995481,0.00566150583407223,0.11615629031241,0.0549013448052235,0,0
"121",1,1,"pp",0,0.440396328142057,0.508781714879722,0.573660666565621,0.033808296843112,0,NA,-0.110070770035616,-0.0216568171491179,0.0631430340654742,0.0444126137853798,0,NA,-0.10859262521541,-0.0208563767066011,0.0652194999953649,0.045006405475023,0,NA,-0.0539165947320004,0.052895607226968,0.164336177048973,0.057685235999785,1,0
"122",1,2,"pp",0,0.448161510502391,0.503229653076455,0.561043701665284,0.0297046602743036,0,NA,-0.11397938233346,-0.0379201502758233,0.0351539271119245,0.0380852868237402,0,NA,-0.0429179383841249,0.0306150204890977,0.104902620222065,0.0382582796040289,0,NA,-0.083122691517622,0.00500442107493604,0.0888080962888393,0.0436359073200288,1,0
"123",1,3,"pp",0,0.379214363211338,0.44107440932917,0.507078802878432,0.0327036493699424,0,NA,-0.0689071042538024,0.00621807031913612,0.0855136362694635,0.0405734851018715,0,NA,-0.0421707964941062,0.0373687168956496,0.116138787112638,0.0400882804284373,0,NA,-0.0447677167290821,0.0243842317088572,0.0962435427426293,0.0364422380245778,1,0
"124",1,4,"pp",0,0.47215840549221,0.533527628744508,0.591039474461677,0.0310066283496186,0,NA,-0.103700294035212,-0.031616564902963,0.0376390395308352,0.0363700909430028,0,NA,-0.139491175234512,-0.0678799353140108,0.0038083038788595,0.0370483201362845,0,NA,-0.0572267325423214,0.0065081469224646,0.0701259700089767,0.0327718722438863,1,0
"125",1,5,"pp",0,0.400685850033041,0.46681489440255,0.536262829332081,0.0338278717259537,0,NA,-0.0750580260603344,0.00500599484376464,0.0836920898091835,0.0401497303553682,0,NA,-0.0375103569499693,0.0441118920840954,0.126194038295097,0.0408847654036122,0,NA,-0.0639304640204119,-0.00484620173803701,0.0540509442630935,0.0305121736421473,1,0
"126",1,6,"pp",0,0.451435417590578,0.503698999860726,0.55799323303515,0.0269128317960449,0,NA,-0.0333898247438442,0.0366733315460828,0.102057506979204,0.0341851415902437,0,NA,-0.0302492034145619,0.0319607595361999,0.0963173257574061,0.0321835365859622,0,NA,-0.0708946081302417,-0.017940556497672,0.0338139014289392,0.0266838573872291,1,0
"127",1,7,"pp",0,0.413160647132091,0.474650042083197,0.536922249635699,0.0311082301405771,0,NA,-0.0480257802766101,0.0204262491172231,0.0910922675342652,0.0362399915913562,0,NA,-0.0363586302864114,0.0342886041367602,0.102587732615065,0.035165260052702,0,NA,-0.0702478492452212,-0.0228393551699005,0.0242713823340376,0.0238524837479571,1,0
"128",1,8,"pp",0,0.449167343089352,0.503215209466833,0.554713186632201,0.027002892828224,0,NA,-0.0919184129172485,-0.0331265509512508,0.0274989113658382,0.0321473885823101,0,NA,-0.00437176444367006,0.0615465864153641,0.121198134840477,0.0324999180967164,0,NA,-0.0618134872701332,-0.0202783401912243,0.0219507833811649,0.0218882073035934,1,0
"129",1,9,"pp",0,0.432043366960631,0.487947883730717,0.545527105293915,0.0290004030095398,0,NA,-0.0616903751014022,0.00640757222083303,0.0712373732725047,0.033375229824579,0,NA,-0.0257475176147345,0.0428529357006407,0.110339224254056,0.0347343887285444,0,NA,-0.0576275541072875,-0.0170743597001777,0.0246578387582273,0.0210646404468661,1,0
"130",1,10,"pp",0,0.420694284217571,0.477625707940323,0.533639803794168,0.0281858408820286,0,NA,-0.0572671164110943,0.00400851672776613,0.067023286834271,0.0321840086520834,0,NA,-0.0583539022404255,0.00605778282351931,0.0743585262978472,0.0340751471574241,0,NA,-0.0436563314308712,-0.00298345122989055,0.0352917648070237,0.020781393692639,1,0
"131",1,11,"pp",0,0.416652851442518,0.474606526698557,0.531797179717588,0.0295553660725865,0,NA,-0.0806102356076228,-0.0139819602465157,0.0518998318942499,0.0347229756485801,0,NA,-0.0117061373477051,0.0585571864177624,0.128373742694789,0.0360868576687162,0,NA,-0.0417261608654085,-0.00232137399507261,0.0347697793345365,0.0198338303717607,1,0
"132",1,12,"pp",0,0.418579357894946,0.479313215455387,0.535480439229423,0.029837373566919,0,NA,-0.0522901577668616,0.0173208251343216,0.0888967637187092,0.0355004889657455,0,NA,-0.0594420808189079,0.00964453163095245,0.0759702448924253,0.0349364011050851,0,NA,-0.0296010879202405,0.00681501868012757,0.0422772244516476,0.0186506663630801,1,0
"133",1,13,"pp",0,0.464588871556122,0.521782138796299,0.578068669357693,0.0283428686714551,0,NA,-0.0700187742979363,-0.00459707648584672,0.0625005097414895,0.0334125089204339,0,NA,-0.0480252218699495,0.0125006285429881,0.0782225725644167,0.0326123769258338,0,NA,-0.0373656845248452,-0.000444886666246714,0.0373034175540537,0.0187927222205093,1,0
"134",1,14,"pp",0,0.40001425445949,0.457501462073265,0.51507439714521,0.0293244126515253,0,NA,0.0115497586009784,0.0770732536383595,0.142761001505929,0.0337630717787882,0,NA,-0.0558131516174473,0.00502074186720472,0.0709441510112416,0.032686323187616,0,NA,-0.0316749779699479,0.00341368222859596,0.0379898981373317,0.0179357076328616,1,0
"135",1,15,"pp",0,0.432201231726648,0.4898937279281,0.548190387348499,0.0300186800614569,0,NA,-0.0565635408803716,0.00633402708271722,0.0721063857340505,0.0327490621559447,0,NA,-0.047566304560534,0.019562983431419,0.0852935806522262,0.0338075262834117,0,NA,-0.0357857807613764,-0.00246339769883729,0.0310941952057141,0.0174436005148161,1,0
"136",1,16,"pp",0,0.468325066254944,0.526878309549347,0.583344417695619,0.0296563697940016,0,NA,-0.123482462653437,-0.0547983634891893,0.0132497615445003,0.0342856659469328,0,NA,-0.116704140200613,-0.0520909736924696,0.0155761220048622,0.0344839501764862,0,NA,-0.0368568786624609,-0.00500056994151041,0.02634921590104,0.0164295816396116,1,0
"137",1,17,"pp",0,0.430190438342486,0.480213065075158,0.532837229623303,0.0265200768944289,0,NA,-0.0162671944998052,0.0445637552394813,0.107873775742951,0.0313914507618198,0,NA,-0.0474339982296313,0.0145112288944375,0.0788986847042967,0.0318166622501571,0,NA,-0.0319909966951438,-5.49170463517271e-05,0.0308864032892901,0.0162955082386965,1,0
"138",1,18,"pp",0,0.382888608913079,0.434519190971011,0.486399660837418,0.026610192633031,0,NA,-0.0323154815242407,0.0272766776356389,0.0875940832450697,0.0312801725483957,0,NA,-0.00924100008932506,0.0497884740486313,0.10941813492796,0.0303197910459913,0,NA,-0.0306279081488168,6.23011529412591e-06,0.0305327699327837,0.0158044491314361,1,0
"139",1,19,"pp",0,0.463272582974529,0.527218021830139,0.590519830703079,0.0327480563063461,0,NA,-0.104013205636627,-0.0313486549928948,0.0416892332942823,0.0361684409511894,0,NA,-0.0934771200023798,-0.0223798773684194,0.0484199725436271,0.0361106684901883,0,NA,-0.0287287401675852,0.0006594532387127,0.0301269938704057,0.0150840365765739,1,0
"140",1,20,"pp",0,0.394259551156315,0.452326937212482,0.508435270117138,0.0294849628122279,0,NA,-0.0598113889641947,0.00133144812860467,0.063876848313684,0.0322641420164554,0,NA,-0.0268737990804931,0.0389988172016004,0.10683023072139,0.0338336034500194,0,NA,-0.0231799648192928,0.00366998762404387,0.0308714467621224,0.0140952700201992,1,0
"141",1,21,"pp",0,0.46707773266407,0.521887406936433,0.576882664826347,0.0270506670938531,0,NA,-0.100606847095844,-0.0373191813211293,0.0222185039647338,0.0315822962491814,0,NA,-0.0424378963520501,0.0175999236798641,0.0784813352958844,0.0317244118734764,0,NA,-0.0315257963995322,-0.00225096355952708,0.0252697579516007,0.0145313667690592,1,0
"142",1,22,"pp",0,0.440207403124064,0.500183040187616,0.560235323169952,0.0302881730721828,0,NA,-0.0515482464792809,0.0158687489626506,0.080526899837284,0.0342333451399501,0,NA,-0.0867676492787659,-0.0197185054392505,0.0521199254949921,0.0353119558245076,0,NA,-0.0307840144126582,-0.0025933770752584,0.0266870993211106,0.0147809048941266,1,0
"143",1,23,"pp",0,0.437426493317801,0.508458693030056,0.578691939527268,0.0354848897167272,0,NA,-0.0516057681434763,0.0250049326887999,0.102674487866703,0.0394001496558818,0,NA,-0.153004758591217,-0.0773044870397574,0.000434289552190829,0.040196632928407,0,NA,-0.0303747367507863,-0.00312224875614656,0.0246804666920326,0.0140732981513322,1,0
"144",1,24,"pp",0,0.425761636259401,0.484556800108684,0.542173908933935,0.0296355730374494,0,NA,-0.0453757264880402,0.0236084939505153,0.0911643716102401,0.0345665613051478,0,NA,-0.0351667534165494,0.0326076169699314,0.0976313090758626,0.033388842232444,0,NA,-0.0289979186404517,-0.00350281546016659,0.024772562458744,0.0136536784079274,1,0
"145",1,25,"pp",0,0.457955781390838,0.504928583901901,0.553311525773871,0.0247575217685592,0,NA,-0.0910392126787051,-0.0338206976445722,0.0277519428968552,0.0305585127202305,0,NA,-0.0260089755236158,0.0274263636113317,0.0822849938521133,0.0282214127290163,0,NA,-0.0321529123540894,-0.00632731740100783,0.0198460988712612,0.0135593043843197,1,0
"146",1,26,"pp",0,0.461510313429058,0.51528832619025,0.567874300243654,0.0270598063334672,0,NA,-0.0809822518579588,-0.0201294096462108,0.0407040390785638,0.0324014602412423,0,NA,-0.0515956316137648,0.0106416446804479,0.0717782461887816,0.0321504764728036,0,NA,-0.0297258136516419,-0.0037186985304565,0.0217217057190332,0.0131844066817499,1,0
"147",1,27,"pp",0,0.412028291787411,0.474619991612874,0.533237993646383,0.0305510393655274,0,NA,-0.00781942758102725,0.0607851774621916,0.12764038824467,0.0352280285495327,0,NA,-0.0757557445399709,-0.00934793832133762,0.0590651730815626,0.0352594164058273,0,NA,-0.03219502815352,-0.00636056987650214,0.0194930923646292,0.0131143442416685,1,0
"148",1,28,"pp",0,0.494023972482913,0.556911368315202,0.620657655897674,0.0326369720272236,0,NA,-0.0799860378282362,-0.0126430315381539,0.0575110537554115,0.0359628521027978,0,NA,-0.124463024910244,-0.0517519048611524,0.022147980716621,0.0370543198023285,0,NA,-0.0349609054117623,-0.00850815613905074,0.0162645656407177,0.0126427171543721,1,0
"149",1,29,"pp",0,0.398316639600895,0.45802876378806,0.517240407794162,0.0300978895020421,0,NA,-0.0586714429155378,0.0101548540320778,0.0806347965631853,0.0358619502099277,0,NA,-0.0443401630612432,0.0255656081374794,0.0967212067273852,0.0355203653748502,0,NA,-0.0328672691305054,-0.00884373415670093,0.0153640832805628,0.0122395661316909,1,0
"150",1,30,"pp",0,0.46239683609019,0.519185643649151,0.573857301418822,0.0287606313242561,0,NA,-0.0984718577097915,-0.0367674126719581,0.0278555811215539,0.0325226698201636,0,NA,-0.0575052362995472,0.00712097771046285,0.070994893561755,0.0329002805740875,0,NA,-0.0343437275064691,-0.0108050243346105,0.0123739354257937,0.0119830260234779,1,0
"151",1,31,"pp",0,0.443536495607029,0.499514322755,0.555285916723739,0.0290708100135518,0,NA,-0.042128192659072,0.0244263060500919,0.0898233267183678,0.0339018725886617,0,NA,-0.0447977969851313,0.017497035661356,0.0830460949367923,0.0324604859384715,0,NA,-0.0315241849512045,-0.00784885038862236,0.0142124292096553,0.0114912441715023,1,0
"152",1,32,"pp",0,0.428677238493244,0.483521200776097,0.544275824953409,0.0298585174468886,0,NA,0.000497364924934088,0.0678587859190669,0.132706718682356,0.0331491301319468,0,NA,-0.0470190176084255,0.0213700768855733,0.0882646729855039,0.0343663074159068,0,NA,-0.027250266837679,-0.00566157767120558,0.0152221584009795,0.0112515026698235,1,0
"153",1,33,"pp",0,0.486352800452938,0.541019546245773,0.596720540325481,0.0280178126162608,0,NA,-0.0972321698729694,-0.0325063975736214,0.0324733915219917,0.033335176325165,0,NA,-0.0383866129584118,0.0272755427558018,0.0890266558017524,0.0321424350019289,0,NA,-0.0298602193699117,-0.00721821994913412,0.0156489816857391,0.0111616835160858,1,0
"154",1,34,"pp",0,0.413813211151398,0.475338794284416,0.542948248943276,0.0333523086940463,0,NA,-0.0930999717391903,-0.0174451708638431,0.049853622055145,0.0363284876851259,0,NA,-0.0406334734770081,0.0350850183477376,0.111736631910471,0.0382453689351964,0,NA,-0.0274780611981221,-0.00581947865031807,0.0166014389532269,0.0112893443495481,1,0
"155",1,35,"pp",0,0.448603925375661,0.509196039140586,0.572723409091363,0.0320575611378762,0,NA,-0.0785514511450686,-0.00528216451047679,0.0660976327551508,0.0378281560068314,0,NA,-0.0937520208093206,-0.016729978592962,0.0534730994942331,0.0373546327927212,0,NA,-0.028508461151899,-0.00740527540954994,0.0158664397430746,0.0111740387126143,1,0
"156",1,36,"pp",0,0.430453302822346,0.493325031891652,0.551722481237511,0.0301543006252672,0,NA,-0.0750432983190998,-0.00856689460184163,0.0591408693066805,0.0343570647894397,0,NA,-0.0327349212452056,0.0323888295999625,0.098898789674075,0.0327558884986681,0,NA,-0.0286077990727035,-0.00655978413472279,0.0151282661291181,0.0112732474847269,1,0
"157",1,37,"pp",0,0.456101657615112,0.504682123410116,0.555455458736869,0.0259289129202517,0,NA,-0.0325622775341282,0.0296149338143589,0.0910025002774004,0.0300583347666445,0,NA,-0.0809200089543476,-0.0218372256183744,0.039055328181166,0.030338464167994,0,NA,-0.0305022322442624,-0.00858931028667716,0.0127858546600911,0.0112464951268894,1,0
"158",1,38,"pp",0,0.422084035736184,0.479604341063493,0.540333034274075,0.0299157623044412,0,NA,-0.0797734364671412,-0.00663882143591808,0.0601750622670198,0.0347703296865937,0,NA,-0.0524869534381369,0.0158202335656388,0.0808191279914304,0.0344077119574447,0,NA,-0.0329908859146814,-0.0110676715238473,0.0120569409895311,0.0111966579266602,1,0
"159",1,39,"pp",0,0.420209371581382,0.478017812374466,0.538021301980228,0.0296527389410605,0,NA,-0.05034502161176,0.0167599950409204,0.0831980746137086,0.0349759053491216,0,NA,-0.0157759995792214,0.0532770344788415,0.120566117476264,0.0350173798166415,0,NA,-0.0315195344301384,-0.0095493199822205,0.0125714236291374,0.0111324721580148,1,0
"160",1,40,"pp",0,0.423978846181813,0.48250269285661,0.541055467544731,0.0297670979180054,0,NA,-0.0711556875079008,-0.00649615465320389,0.0603012309888902,0.0334833528804895,0,NA,-0.0487440258726644,0.013485642580402,0.0743155092927083,0.0317251874931075,0,NA,-0.0315142604796634,-0.00877709726907276,0.0140167812818834,0.0115289331163168,1,0
"161",1,41,"pp",0,0.411605867803269,0.466936863972531,0.525306865861954,0.0290684303797469,0,NA,-0.0211609283161696,0.0406496883475975,0.102884697621124,0.0321671815188413,0,NA,-0.0502690901452123,0.0157029793886811,0.0876127433893078,0.0346849937068378,0,NA,-0.0287227184781102,-0.00732666552422805,0.0127917970286243,0.0108570770819291,1,0
"162",1,42,"pp",0,0.424532729089616,0.485837549685662,0.548174012941171,0.0322425675554489,0,NA,-0.0378274130706644,0.0328035404554379,0.104766370804118,0.0361743110992033,0,NA,-0.0957167217976682,-0.0242232565459334,0.0438346637326488,0.0358831106186657,0,NA,-0.0306041224333057,-0.0093941530954736,0.0121822196779474,0.0108566350225157,1,0
"163",1,43,"pp",0,0.386260067273774,0.448706155986057,0.513803512370009,0.0315792510246634,0,NA,0.00357989599914154,0.0734308229745337,0.146469402211396,0.0366244122800967,0,NA,-0.0584751697789861,0.0138633861649057,0.0844282482368143,0.0354831007109349,0,NA,-0.0299379686484673,-0.0092946042185621,0.0118039045548711,0.0106070228523668,1,0
"164",1,44,"pp",0,0.416739234256086,0.472096939982328,0.528763017961356,0.0278670438774671,0,NA,-0.0447957031284864,0.017090428827211,0.0813236562461851,0.0314966046140885,0,NA,-0.0340430929284027,0.028547456692673,0.0909287171533887,0.031814432946775,0,NA,-0.0306069637158185,-0.0109307213868198,0.0100711877087947,0.0103478222412001,1,0
"165",1,45,"pp",0,0.435476926021094,0.488623180980851,0.549577748443083,0.0286015902868563,0,NA,-0.0693875782393295,-0.00574192844805508,0.0533560740198307,0.0319863459742181,0,NA,-0.029796784139179,0.0340746329677162,0.0960669846206068,0.0326163330477265,0,NA,-0.0310744668351042,-0.0112574585806992,0.00825975258693628,0.0101132604442948,1,0
"166",1,46,"pp",0,0.431685349037302,0.475385224298809,0.522162582286213,0.0232576601105247,0,NA,-0.0398207382691933,0.0139248780501196,0.0651533342092494,0.026846763540876,0,NA,-0.0669129397141196,-0.012881304707222,0.0381361579673201,0.0273713053751567,0,NA,-0.0307873484152632,-0.0106515300438647,0.00818237455901132,0.0101614412358549,1,0
"167",1,47,"pp",0,0.444210027131491,0.497969947605496,0.553076378571569,0.0277083004836492,0,NA,-0.0564613637869847,0.00450142136342968,0.0650523578221557,0.0311246191713919,0,NA,-0.110335348152832,-0.0448312173570525,0.0173047784189525,0.0324091084573948,0,NA,-0.0277146345418797,-0.00845529277565902,0.0107903922874928,0.0100890706647702,1,0
"168",1,48,"pp",0,0.441474925612682,0.511217562685781,0.576361999561854,0.0347840578990422,0,NA,-0.0804299865494012,-0.00889176432918457,0.0614503659767503,0.0372488487906096,0,NA,-0.0560165628215075,0.0217435200019678,0.10401005567167,0.0410422715717591,0,NA,-0.0250240691124795,-0.00574320390187087,0.0142954936667632,0.0101557274689061,1,0
"169",1,49,"pp",0,0.447946225232102,0.497722590355495,0.545968207373789,0.0254280897620564,0,NA,-0.067848053338824,-0.00824804040447784,0.0511322052523753,0.0298236432627069,0,NA,-0.0187222197983178,0.0445096871303343,0.10167604430343,0.030339076812408,0,NA,-0.0258903537416723,-0.00536141863604027,0.0140219994939227,0.0101041318897927,1,0
"170",1,50,"pp",0,0.43609878385118,0.489816490836853,0.543793365000592,0.0277434688130268,0,NA,-0.0226841146604248,0.0384357698110626,0.0987245475241513,0.0301656217496168,0,NA,-0.0471003795765261,0.012539533653549,0.0717544608876567,0.0307058836963805,0,NA,-0.0234964147608079,-0.00341915217012005,0.0163792729838997,0.0100992638389996,1,0
"171",1,51,"pp",0,0.455283086778908,0.510287341661411,0.568204901940976,0.0286640375558165,0,NA,-0.0399131921622167,0.0268764597308254,0.0927717611105494,0.033842972019811,0,NA,-0.101111388216048,-0.0371661665154278,0.0277154160806486,0.0333516811393875,0,NA,-0.0218608327584306,-0.0019037386316797,0.0178104111897802,0.0103212923349447,1,0
"172",1,52,"pp",0,0.463536684984995,0.523437525498948,0.586766296252083,0.0318728873037211,0,NA,-0.0407682327370574,0.0307658613398194,0.0961370264042432,0.0347405210500732,0,NA,-0.0874333561891832,-0.0188284717942711,0.0482997557539479,0.0357946156904827,0,NA,-0.0216703822537332,-0.00170734190637996,0.019103986436009,0.0100736400783271,1,0
"173",1,53,"pp",0,0.431720550841608,0.496662037496237,0.561646024494442,0.0330860910055435,0,NA,-0.0868459932584117,-0.014601740741409,0.0553080647943211,0.0368872061054596,0,NA,-0.0944314249775854,-0.0157808409230895,0.053508243586625,0.0375130696589772,0,NA,-0.0216809209954449,-0.00267506804338529,0.0152681566806078,0.00966732708377812,1,0
"174",1,54,"pp",0,0.43042926491115,0.495390769036026,0.557970936690425,0.0323190641644314,0,NA,-0.134783693168137,-0.0674281664417525,0.00570566052998895,0.0357288901184052,0,NA,-0.0375898558779594,0.0372936097554939,0.107334670787082,0.0364894490444503,0,NA,-0.019872922266834,-0.000594617789679471,0.0186602537854208,0.00990609105240112,1,0
"175",1,55,"pp",0,0.396180312996015,0.45986504056326,0.51932705034394,0.0324876915356081,0,NA,-0.0593553945559908,0.0178467654735911,0.0934569842295166,0.037308990526086,0,NA,-0.0402218520363014,0.0289220678141411,0.107006311411282,0.0398214916172316,0,NA,-0.0202140576349334,-0.000124338050809054,0.0194074751720115,0.00967277638231316,1,0
"176",1,56,"pp",0,0.441550936520717,0.4982600913929,0.555538916294886,0.0289273955961423,0,NA,-0.0845625465866511,-0.0184284784827774,0.045899755697077,0.0322118399998217,0,NA,-0.0822541539732173,-0.0177456977185918,0.0470902667581191,0.0318320166076871,0,NA,-0.0184396873024198,-0.000139511841671933,0.0195019699864475,0.00970193645019487,1,0
"177",1,57,"pp",0,0.452060872683758,0.511788497475753,0.573912438663277,0.0317128568837261,0,NA,-0.0766155668850989,-0.00698084463831352,0.0625850318098857,0.0346775516407794,0,NA,-0.084191900806728,-0.0147665419850528,0.0534865312794411,0.0352990659723867,0,NA,-0.0192851594959989,-0.000777551842036378,0.0186065243899042,0.00970492925217108,1,0
"178",1,58,"pp",0,0.415050771341137,0.474014437059018,0.531143273366676,0.0287433595335768,0,NA,-0.0332635174452557,0.0325825132618254,0.0984603302529118,0.0333271494288044,0,NA,-0.0706449579768639,-0.00793131333052236,0.0587692180713591,0.0335679674370199,0,NA,-0.0173672549842057,0.00114516610653154,0.0194966527714708,0.00948158965855015,1,0
"179",1,59,"pp",0,0.486047249247051,0.536619433990515,0.584690480152418,0.0253070136388962,0,NA,-0.108252932693595,-0.0528337175893445,0.0025409006434401,0.0279898299147488,0,NA,-0.0950020253285484,-0.0383138032702648,0.0177249114178207,0.0283322607488053,0,NA,-0.0161047352919498,0.00184014954914871,0.0190983537828313,0.00897028736401045,1,0
"180",1,60,"pp",0,0.394480829216825,0.451054103571819,0.508968162127677,0.0289549147839505,0,NA,-0.0202401055281812,0.0442572751898385,0.108217753846823,0.0327910836628588,0,NA,-0.0209522964443578,0.0498133223747604,0.11988603315651,0.0355034629834953,0,NA,-0.0155535731306594,0.00184846012450929,0.0187565969832352,0.00868947780271366,1,0
"181",1,1,"pp",0,0.443887923825298,0.509329387950746,0.577680697599626,0.0347596149894861,0,NA,-0.108660961516363,-0.0224278791005505,0.0663569850568282,0.0445366723755638,0,NA,-0.110924888228651,-0.0229767362523302,0.0654931237252227,0.0449825043924536,0,NA,-0.0605877174846995,0.0560358994403626,0.170135529952417,0.0589734895575598,1,1
"182",1,2,"pp",0,0.444057678341298,0.504405534374809,0.562498361453055,0.0301847099787549,0,NA,-0.110932297278747,-0.038488773485461,0.0407219903117442,0.0394491588015438,0,NA,-0.0429862936107687,0.0301931683151748,0.109609534496716,0.0395660230994783,0,NA,-0.0818953651423667,0.00814181235372866,0.0955334767779579,0.0442908439853514,0,1
"183",1,3,"pp",0,0.379987601303059,0.448232144433051,0.51247815879638,0.0336682605398025,0,NA,-0.0967716864270856,-0.0129334359487812,0.0764230837061258,0.0432665991072524,0,NA,-0.0610181042303291,0.0203530833176882,0.0994086177857999,0.0414590649125574,0,NA,-0.0246006737264476,0.0648401433567208,0.154622210270459,0.0461272591315806,1,1
"184",1,4,"pp",0,0.469694304252049,0.535507248429296,0.597638374197032,0.0316582045863072,0,NA,-0.11650790754526,-0.0404420143085828,0.0367666828672493,0.0389350081143941,0,NA,-0.155007111358059,-0.0738702113696893,0.00566749330469154,0.0407522599909779,0,NA,-0.04898757822857,0.0248676377550032,0.0982114648329912,0.0380445853801419,0,1
"185",1,5,"pp",0,0.404013817830664,0.473544579202693,0.543310548577916,0.0360132988848774,0,NA,-0.0913090144053184,-0.00907212656685623,0.0755731184111074,0.0424530607980847,0,NA,-0.0523926857398176,0.0293193801543283,0.113740107402163,0.0426224209356102,0,NA,-0.0487808166869724,0.0304610982709744,0.108360878157276,0.0411737937474521,1,1
"186",1,6,"pp",0,0.454336108067107,0.505961634860331,0.561930219147548,0.0277243896526331,0,NA,-0.0401879959866354,0.0267402745826773,0.095798004482281,0.0351676746062495,0,NA,-0.0416881848260463,0.0302173194455398,0.0991714446124823,0.0355270816086727,0,NA,-0.0663845781515364,-0.00352462681067217,0.059537988088938,0.034057900054333,0,1
"187",1,7,"pp",0,0.421988434862356,0.480848329386932,0.543514536887547,0.0312417818316272,0,NA,-0.0697365690566121,0.00534479885000058,0.0771297411900721,0.0371981214790717,0,NA,-0.0541022363052031,0.0215507948906962,0.0911047820982527,0.0371276836928883,0,NA,-0.056624440408266,0.0068818550247356,0.0761282058312963,0.0341050623985364,0,1
"188",1,8,"pp",0,0.454342497648065,0.509045761385269,0.560024127128424,0.0267893465266423,0,NA,-0.111877137452621,-0.0475645732088042,0.0149431223879853,0.0329220535404477,0,NA,-0.0198361187175467,0.046484731961486,0.111675057711392,0.0327776723534869,0,NA,-0.0507073727370067,0.0164562244577622,0.0830882920443189,0.0337586640666198,0,1
"189",1,9,"pp",0,0.441184544811902,0.497423762500505,0.554137153473548,0.0287274616890636,0,NA,-0.0825363495223982,-0.0119073484978255,0.0586240567101706,0.0365575450412017,0,NA,-0.0504629637323083,0.021476764461806,0.0908101295744784,0.036608149103946,0,NA,-0.0410324643363986,0.0262026519843067,0.0923326492856205,0.0343447209128838,0,1
"190",1,10,"pp",0,0.426308804233695,0.486628224179684,0.542995914031593,0.0300569424077425,0,NA,-0.0899793180385663,-0.0206426829806311,0.0494633588805388,0.0356722436855895,0,NA,-0.0925959372215739,-0.0203377152745408,0.046647723097588,0.0366569329732158,0,NA,-0.0113538198643291,0.0579046687142797,0.128227668971324,0.0354206247409633,1,1
"191",1,11,"pp",0,0.425029879731032,0.4844732111327,0.545712510779271,0.0307605529599366,0,NA,-0.108581164816456,-0.0354109587701253,0.0387941152500134,0.0367002722686304,0,NA,-0.035805836245597,0.0366737496045277,0.107423715523638,0.0367425318234953,0,NA,-0.0171498609836152,0.0432819733179372,0.103717189667405,0.0312324015861488,1,1
"192",1,12,"pp",0,0.42721647422209,0.487694824619211,0.548528558768443,0.030213598492134,0,NA,-0.0732475307101918,-0.00164261990923314,0.0706601521483256,0.0357054896285847,0,NA,-0.0809392075555709,-0.0117015939385403,0.0544591889306485,0.0347435087243205,0,NA,-0.00345091418640804,0.0520768733014719,0.108564853631382,0.0283666071787392,1,1
"193",1,13,"pp",0,0.470907867461892,0.526670206974865,0.580246189915128,0.0285077998752392,0,NA,-0.086098665432495,-0.0172450425463683,0.0547691031774271,0.0353608783840833,0,NA,-0.0650964291153521,0.000381478296041848,0.0692942599852261,0.0331448869927939,0,NA,-0.0217146313201933,0.0297138238322274,0.0811003363829492,0.0256329340672639,0,1
"194",1,14,"pp",0,0.406483771193788,0.465941558233737,0.524991995750066,0.030390674768837,0,NA,-0.0113285370230281,0.0572779833674407,0.125856217064866,0.0356389805996446,0,NA,-0.087158367728998,-0.0161773989147788,0.0545683851900512,0.0355598140012557,0,NA,-0.00196550165708303,0.0505567158069829,0.100142094046662,0.0266391401025515,1,1
"195",1,15,"pp",0,0.442930889616494,0.498454795728914,0.554873574640696,0.0288556631041555,0,NA,-0.0737839975296989,-0.0107021096235537,0.0517261192809673,0.0332089273378467,0,NA,-0.0636101138438658,0.00409115524769183,0.0682236384684857,0.0338932576471833,0,NA,-0.0168988354317835,0.0324682491661821,0.0831778429632837,0.0246748659638661,0,1
"196",1,16,"pp",0,0.479285432736518,0.534941666802704,0.592122308843715,0.0292736069724078,0,NA,-0.14137040448282,-0.0744078346854454,-0.00774092455080447,0.033371279807611,0,NA,-0.141623542215322,-0.0699205379547412,-0.00545000678109674,0.0344916485022379,0,NA,-0.00995737631574606,0.0379536705627918,0.085186647422774,0.0244943366052432,1,1
"197",1,17,"pp",0,0.433768666983946,0.486910391074407,0.540377733302882,0.0272891514267812,0,NA,-0.0346340802373853,0.0272660880920372,0.0908224452612347,0.0315248137959701,0,NA,-0.0653639021278264,-0.0028656007039267,0.0608717554153828,0.0323025781571266,0,NA,-0.00494481678316934,0.0413204804294403,0.0860421631532597,0.0227734199847028,1,1
"198",1,18,"pp",0,0.392117350137111,0.441873175025053,0.494448850614411,0.0257675928885244,0,NA,-0.0512912609669538,0.0117659248855037,0.0765089522230772,0.0322985823941341,0,NA,-0.0264820420043377,0.0338373829193818,0.0939541457139432,0.0308254876527101,0,NA,-0.00436784779623329,0.0353448883860917,0.0777059515505204,0.0209791136667061,0,1
"199",1,19,"pp",0,0.469787826626274,0.534610186380542,0.597280197304546,0.032312732038607,0,NA,-0.121656477444909,-0.0468919505451654,0.0214676021720875,0.0367098137758812,0,NA,-0.114200191038806,-0.0400905084391576,0.0332767258888652,0.0384528041896123,0,NA,-0.00442361484538046,0.0383329186417934,0.0795075536115312,0.0212004266602692,1,1
"200",1,20,"pp",0,0.401752230312488,0.459518761472695,0.518578679468064,0.0296776757474252,0,NA,-0.0838881670319076,-0.015131082058335,0.053456781460941,0.0354584488191169,0,NA,-0.0421368264988375,0.0226814504931314,0.0901730955038619,0.0340612503172069,0,NA,0.000715866568237153,0.0405178531649343,0.0819965784126464,0.020450030733223,1,1
"201",1,21,"pp",0,0.471402725386306,0.526291096590563,0.581755195893455,0.0272112641524672,0,NA,-0.111174502674763,-0.0478518708952138,0.0114879055265585,0.0318823579667002,0,NA,-0.0552845296362397,0.00643122654628226,0.0680069855620422,0.0317022487473457,0,NA,-0.0107321123775176,0.0246761827257327,0.0597696128731439,0.0184889738796,1,1
"202",1,22,"pp",0,0.446010705021803,0.50528975817888,0.561512815859124,0.0296675551008124,0,NA,-0.0661629234029891,0.00362514388210981,0.0723630626668678,0.0344302144652113,0,NA,-0.0973802927687919,-0.0297995279630198,0.0392330317825846,0.0340746748104231,0,NA,-0.0104435137048717,0.0237279581708993,0.0579079368562864,0.0178841679160792,0,1
"203",1,23,"pp",0,0.438101635520817,0.513126115814553,0.584092853599988,0.0370802985526115,0,NA,-0.0673315771818453,0.0141490213794194,0.0926265844445334,0.0404187002891188,0,NA,-0.170020005822289,-0.0882494485950434,-0.00626758409031391,0.0420408767413519,0,NA,-0.0111237717835585,0.0226537708745807,0.0558232448555856,0.0174912789513875,1,1
"204",1,24,"pp",0,0.431011843891775,0.489607343621077,0.549005937315688,0.0297943404328572,0,NA,-0.0538546938937992,0.0124892829547755,0.0787324710525997,0.0343837260637486,0,NA,-0.0388093673169484,0.0225484187694799,0.0876490279895742,0.0318175715332907,0,NA,-0.0107041689872028,0.0211284508006162,0.0521406278488234,0.016254721696075,1,1
"205",1,25,"pp",0,0.467476653994614,0.513536794938072,0.5564575963875,0.0217230337775037,0,NA,-0.0944210252175365,-0.0440854109807124,0.0073969492148902,0.0246172179150024,0,NA,-0.0319773082966183,0.0108792339763086,0.0687151866223834,0.026073313691316,0,NA,-0.0125949375309304,0.015911778789299,0.0422644710620214,0.0144941220497359,0,1
"206",1,26,"pp",0,0.468391184270932,0.521402266852586,0.575513008249318,0.0268687164911951,0,NA,-0.0928825781285904,-0.0320216896498792,0.0299415603163478,0.0316783812256113,0,NA,-0.0616258239695313,-0.00153588353507001,0.0582138714918165,0.0312720356767896,0,NA,-0.00669728288194633,0.02264266720463,0.0558058385592443,0.0157080002830062,0,1
"207",1,27,"pp",0,0.415690562303749,0.479203710189202,0.543737042641759,0.0318046341876343,0,NA,-0.0167708441093587,0.0518138659349485,0.121544984119713,0.0352854498036419,0,NA,-0.0943480391418911,-0.0207388717374548,0.0467768352249223,0.0360898875892279,0,NA,-0.0135009263042477,0.0166807009570294,0.0459145858998891,0.0155269776378261,0,1
"208",1,28,"pp",0,0.501587010267858,0.560967564266957,0.621178289410126,0.0310705544266075,0,NA,-0.0876257688663508,-0.023547878103304,0.0466651155628396,0.0343683440745149,0,NA,-0.13226267143279,-0.0630521307923424,0.00636230607068986,0.0355735634151142,0,NA,-0.0133786117312564,0.0173991657200217,0.0473375991811312,0.0155221930085828,1,1
"209",1,29,"pp",0,0.403137052896259,0.461072397242752,0.521820139590442,0.0299602418155984,0,NA,-0.0671961191967765,-0.0026146655039821,0.0626932280538277,0.0340033263787074,0,NA,-0.050279498279735,0.0184137944824181,0.0866885609256451,0.0352881459389943,0,NA,-0.0129718565072416,0.016879977840072,0.0454989561159503,0.0147334573426796,0,1
"210",1,30,"pp",0,0.464673067969721,0.523036392466284,0.580573394938481,0.0295306202044341,0,NA,-0.114203218097072,-0.0458895032642203,0.0197767824031866,0.0346557177090948,0,NA,-0.0727542128567971,-0.0032172587822813,0.0632385053848083,0.0342929210412939,0,NA,-0.0179627897865028,0.0125802354656394,0.0418569265058351,0.0154663940412663,0,1
"211",1,31,"pp",0,0.449652846966364,0.505130498476504,0.564803223913753,0.0292760644990169,0,NA,-0.0517453705140974,0.0124386853552505,0.0770935113484803,0.0327961080161301,0,NA,-0.0606481715863747,0.00399647393944962,0.0666722588372263,0.0328783865900035,0,NA,-0.00847524502600801,0.0205620867043401,0.0488398885837651,0.0143222816009298,1,1
"212",1,32,"pp",0,0.431183186959916,0.487577735554532,0.540953106213989,0.0280467478382826,0,NA,-0.0105685012039619,0.0572926837770496,0.121428741587893,0.0329894408116298,0,NA,-0.0538792361284727,0.0106328143813329,0.0765924518301489,0.0331775337864121,0,NA,-0.00452367051833781,0.0219252760097723,0.0487187241249223,0.0137984495920269,1,1
"213",1,33,"pp",0,0.487559960853775,0.545624294467741,0.601697896077181,0.0285057848503349,0,NA,-0.114456050817894,-0.0438533037407143,0.0231108962446267,0.0342225804512448,0,NA,-0.0460710029949944,0.0183127472475531,0.0797395857050021,0.032407580259769,0,NA,-0.00827222181793662,0.0174984152415695,0.0435555269554767,0.0132521847565269,0,1
"214",1,34,"pp",0,0.411008625289731,0.480361798606127,0.548204825253637,0.0341852821558256,0,NA,-0.109808868411313,-0.0293740741049036,0.0469775057809531,0.0392427597192873,0,NA,-0.0536440448587739,0.0231895400127574,0.0987281321856917,0.03751078955158,0,NA,-0.00243448207200639,0.0230319632261473,0.0481681758025417,0.0132505480245263,0,1
"215",1,35,"pp",0,0.452218810979291,0.51310235962647,0.577519527535883,0.0324607422312968,0,NA,-0.0914681691249873,-0.016874824792723,0.0578510508401533,0.0374770046023729,0,NA,-0.0958071481548046,-0.0261804571650794,0.0411337139084578,0.0353837600650548,0,NA,-0.0108462207068198,0.0182610576584424,0.0458958455551222,0.0141974342676677,0,1
"216",1,36,"pp",0,0.440930036448944,0.498047121072156,0.556527694809269,0.0291944497941347,0,NA,-0.0869249153553366,-0.0202925180279953,0.0451879593742305,0.0344476799559707,0,NA,-0.0497391318428454,0.0214368066871696,0.0881035581101062,0.0347926909728995,0,NA,-0.00442393658939143,0.0216039694525597,0.0480507299558784,0.0134889650567455,1,1
"217",1,37,"pp",0,0.456996724505004,0.511002793846519,0.561873425719422,0.0262058364861879,0,NA,-0.0484135857608501,0.0171786771525325,0.0766352198458063,0.0308925717788389,0,NA,-0.0961478286349504,-0.0335589363849022,0.0264321648596225,0.0324942482359995,0,NA,-0.0081917552579524,0.0177613403311717,0.0429458994238969,0.012972578600803,1,1
"218",1,38,"pp",0,0.424938397440656,0.484702067502426,0.546098740698365,0.0301008654360541,0,NA,-0.0901589999961974,-0.018458079564114,0.0547593257148624,0.036198786538557,0,NA,-0.060401726186971,0.00558772049269428,0.0729246075886887,0.0348130797039423,0,NA,-0.00934699260865343,0.0142326664852531,0.0388178425325702,0.0122716395073039,1,1
"219",1,39,"pp",0,0.426953981615015,0.484413037475718,0.537900620690119,0.0284165281369117,0,NA,-0.0599971844851716,0.00624886111454959,0.0673351615120167,0.033222552078417,0,NA,-0.0240749324261342,0.0414621568950298,0.105417331218727,0.0329973804379573,0,NA,-0.00763436110379371,0.0145568678705004,0.0375038030487469,0.0115519064484784,1,1
"220",1,40,"pp",0,0.432344425400075,0.486602167922311,0.544168109823834,0.0283922451753776,0,NA,-0.0830408540977734,-0.0156668003392615,0.0497655678760983,0.0334875405177483,0,NA,-0.0615424968859297,-0.000277695672895424,0.0716132308801008,0.0343896576769273,0,NA,-0.00581158424418469,0.0143463862693825,0.0367252905507552,0.0111656420460099,0,1
"221",1,41,"pp",0,0.415197200973253,0.470152965547342,0.52836279997778,0.0290829667864631,0,NA,-0.0354062074552255,0.0312224950489649,0.0951270501816093,0.0330536115780387,0,NA,-0.0606713879110948,0.00589539657795768,0.0743950951539627,0.0340449343866685,0,NA,-0.00639324006021303,0.0152981490445963,0.0371571504386794,0.0110210375447883,0,1
"222",1,42,"pp",0,0.432829250238836,0.49128491068126,0.552388989661788,0.0314665796857175,0,NA,-0.0499424383011592,0.0238270661440452,0.095754478713488,0.0364915117774004,0,NA,-0.101445497859672,-0.0347481558242399,0.036015173631438,0.0361673924216632,0,NA,-0.0102350848722777,0.0120698477805176,0.0334807331731115,0.010750074822239,0,1
"223",1,43,"pp",0,0.393115101209393,0.452259445772394,0.514143671172564,0.0314690046897236,0,NA,-0.00389494263064339,0.0635368193427658,0.133211908411679,0.0356310184447563,0,NA,-0.0656000870074149,0.00440270772127668,0.0711181532407093,0.0352054767311705,0,NA,-0.00792657454187179,0.0142585236971716,0.0365793017336479,0.0111817596182193,0,1
"224",1,44,"pp",0,0.422480556826112,0.476924734888984,0.534909690309426,0.0282371644208981,0,NA,-0.0564422459052673,0.00663751589296949,0.0709212597851585,0.0317643109925513,0,NA,-0.042334718677092,0.0183497262107516,0.0808277177181003,0.0311026601931637,0,NA,-0.0111757258735325,0.0118456482885579,0.0349770514326295,0.0116643185624479,0,1
"225",1,45,"pp",0,0.436119424576151,0.496239002585663,0.55607553856843,0.0302872225060662,0,NA,-0.0864385709476616,-0.0185403481767056,0.0495833377052491,0.034471639941594,0,NA,-0.0425717309429454,0.0231618094369903,0.0937187832618332,0.0347159499152079,0,NA,-0.0100363152990346,0.0137323516938322,0.0371111078372837,0.0119051855619508,1,1
"226",1,46,"pp",0,0.434232545643165,0.480535951889559,0.527204350102489,0.0237756326333549,0,NA,-0.05051753691771,0.00162380986530221,0.0570020394135669,0.0274281720784701,0,NA,-0.0799049644632276,-0.0230949676624895,0.0305046211977146,0.0285177285979376,0,NA,-0.00888333944577276,0.013007466490593,0.034867722952261,0.0110021499887555,1,1
"227",1,47,"pp",0,0.449430923427316,0.503936230516072,0.558878254711277,0.0283187386797179,0,NA,-0.0706353224919082,-0.00625955660808474,0.0523002697922617,0.0303555691138975,0,NA,-0.119879404213271,-0.0567921857618616,0.00459379113583624,0.0323472544473949,0,NA,-0.00610284124811043,0.014494834084438,0.0349607086183453,0.0103596611090682,0,1
"228",1,48,"pp",0,0.454911874957458,0.519920159296256,0.58956770299177,0.0337408232579262,0,NA,-0.0980952923597437,-0.0202015195228754,0.0592295276196373,0.0401026146326932,0,NA,-0.0666926460467587,0.00585401467089788,0.0782789944461399,0.0366724545657747,0,NA,-0.00491475478890154,0.0164615594609384,0.0395573694688581,0.0112957477729993,1,1
"229",1,49,"pp",0,0.453385217691983,0.503005488970724,0.557266079045595,0.0268513170284583,0,NA,-0.0837525970985572,-0.0188470026571115,0.0430949954040125,0.0320194465889223,0,NA,-0.0273493773636926,0.0348472552356684,0.0916446406630118,0.0304744685152056,0,NA,-0.00660716833755643,0.0166939652453496,0.0392850809272033,0.0115584512728019,0,1
"230",1,50,"pp",0,0.437964302884888,0.49091470061069,0.548524166706956,0.0276589754084616,0,NA,-0.0379236854570676,0.0313627551490935,0.0982817075324113,0.0332752697642506,0,NA,-0.0575526962430872,0.0034155383168409,0.0615779650243258,0.0299597497813331,0,NA,-0.00309874319898707,0.0182170350786266,0.0404182492060824,0.0112473182147783,1,1
"231",1,51,"pp",0,0.454444052002698,0.513347913822967,0.569426948148251,0.0294959802150042,0,NA,-0.0431792315540561,0.019660842389246,0.0781656479191952,0.0322434468151667,0,NA,-0.11035051810591,-0.0454677315803291,0.0191549702513304,0.0332920869317974,0,NA,-0.00219983395374439,0.0191947958545869,0.0404023446238295,0.0107427339824563,0,1
"232",1,52,"pp",0,0.466793849544268,0.52527574549936,0.581766519442988,0.0300959635374558,0,NA,-0.040042590519806,0.0231798807157164,0.0891057156429961,0.0337936493261181,0,NA,-0.0987669441436295,-0.0256981813873181,0.0437709076772066,0.0371017960661777,0,NA,-0.00317853631673833,0.0185584846820007,0.0406219982312485,0.0112752907888766,1,1
"233",1,53,"pp",0,0.439997443994653,0.502617440242562,0.564563304877281,0.0322986625073974,0,NA,-0.100455727145345,-0.0261115442545515,0.0458332364152933,0.0381928147270433,0,NA,-0.0937119913915542,-0.0249877068124497,0.0445746581559706,0.0358000114114861,0,NA,-0.00281321117674473,0.0178346883047565,0.04010744519362,0.0110393156012295,1,1
"234",1,54,"pp",0,0.438522807820485,0.498074602874309,0.557615264582118,0.0310342532794842,0,NA,-0.141721631929086,-0.0747112076130395,-0.00829706340238578,0.0344062665722165,0,NA,-0.0496144995041532,0.0278770365378457,0.101086275403727,0.0375402305716206,0,NA,-0.00098912296396039,0.0196933469199524,0.0403876759000468,0.0106474389989087,0,1
"235",1,55,"pp",0,0.401182398324027,0.465372011701602,0.528249456016561,0.0318569663697644,0,NA,-0.0649672717366901,0.00814679516749438,0.0843459201733976,0.0379813310629528,0,NA,-0.0470714501274031,0.0230269294936276,0.0935361569291701,0.0374544405234802,0,NA,-0.00312932814162779,0.018236376340867,0.0393013941095803,0.0106004809321928,0,1
"236",1,56,"pp",0,0.445821008801687,0.502456214094123,0.556824252329439,0.028300702883065,0,NA,-0.0917663041717614,-0.0273720076382485,0.0331376794513186,0.0332224995146581,0,NA,-0.0884754920198416,-0.0265743818487956,0.0389840314320316,0.0321186690874201,0,NA,-0.00508017652692657,0.0172284445523059,0.0397325630855691,0.0111855129741461,0,1
"237",1,57,"pp",0,0.451483591893202,0.514711298348558,0.577122560025365,0.0323812360287618,0,NA,-0.0846333908816216,-0.0146411895294589,0.0537425908673662,0.0349539828298271,0,NA,-0.0960805144065816,-0.0223498320136007,0.0502591905117602,0.0375531907641189,0,NA,-0.00404150536603324,0.0171449351499842,0.03769881192002,0.0107960021354279,0,1
"238",1,58,"pp",0,0.418183330773237,0.476086762678881,0.533212002765327,0.0290573960392278,0,NA,-0.0431367650439547,0.0262812048003088,0.090621004538744,0.0340432972012948,0,NA,-0.079562283187676,-0.0149569973547538,0.0545888920946,0.0339243999353666,0,NA,-0.00262045508463002,0.0191501331383556,0.0404800590298366,0.010924671568559,0,1
"239",1,59,"pp",0,0.486354511796379,0.539411356533642,0.587697667907051,0.0260040548002911,0,NA,-0.114410420814111,-0.0593465717031295,-0.00278505995634422,0.0290496045493123,0,NA,-0.105783549608805,-0.0459233198081927,0.0163652644327941,0.0303082639868208,0,NA,-0.00276781050535428,0.0182009619613769,0.039309077244539,0.0108174174351127,1,1
"240",1,60,"pp",0,0.39699008689037,0.457146551219059,0.509234894412919,0.0308426518378053,0,NA,-0.0237907647114321,0.0357225131977218,0.0996878018036512,0.0323787394030072,0,NA,-0.0208724770707006,0.0417974492902745,0.10620008043518,0.0321019398974704,0,NA,-0.00210866582793448,0.0188310668967072,0.0390541131304493,0.01033715029384,0,1
